-- MySQL dump 10.16  Distrib 10.1.9-MariaDB, for Win32 (AMD64)
--
-- Host: localhost    Database: hesk
-- ------------------------------------------------------
-- Server version	10.1.9-MariaDB

/*!40101 SET @OLD_CHARACTER_SET_CLIENT=@@CHARACTER_SET_CLIENT */;
/*!40101 SET @OLD_CHARACTER_SET_RESULTS=@@CHARACTER_SET_RESULTS */;
/*!40101 SET @OLD_COLLATION_CONNECTION=@@COLLATION_CONNECTION */;
/*!40101 SET NAMES utf8 */;
/*!40103 SET @OLD_TIME_ZONE=@@TIME_ZONE */;
/*!40103 SET TIME_ZONE='+00:00' */;
/*!40014 SET @OLD_UNIQUE_CHECKS=@@UNIQUE_CHECKS, UNIQUE_CHECKS=0 */;
/*!40014 SET @OLD_FOREIGN_KEY_CHECKS=@@FOREIGN_KEY_CHECKS, FOREIGN_KEY_CHECKS=0 */;
/*!40101 SET @OLD_SQL_MODE=@@SQL_MODE, SQL_MODE='NO_AUTO_VALUE_ON_ZERO' */;
/*!40111 SET @OLD_SQL_NOTES=@@SQL_NOTES, SQL_NOTES=0 */;

--
-- Table structure for table `equipo`
--

DROP TABLE IF EXISTS `equipo`;
/*!40101 SET @saved_cs_client     = @@character_set_client */;
/*!40101 SET character_set_client = utf8 */;
CREATE TABLE `equipo` (
  `id_equipo` varchar(30) COLLATE utf8mb4_unicode_ci NOT NULL,
  `activo_fijo` varchar(30) COLLATE utf8mb4_unicode_ci DEFAULT NULL,
  `marca` varchar(30) COLLATE utf8mb4_unicode_ci DEFAULT NULL,
  `modelo` varchar(30) COLLATE utf8mb4_unicode_ci DEFAULT NULL,
  `fecha_compra` date DEFAULT NULL,
  `asignado_a` varchar(50) COLLATE utf8mb4_unicode_ci DEFAULT NULL,
  `sucursal` varchar(10) COLLATE utf8mb4_unicode_ci NOT NULL,
  `estado` varchar(30) COLLATE utf8mb4_unicode_ci DEFAULT NULL,
  PRIMARY KEY (`id_equipo`)
) ENGINE=InnoDB DEFAULT CHARSET=utf8mb4 COLLATE=utf8mb4_unicode_ci;
/*!40101 SET character_set_client = @saved_cs_client */;

--
-- Dumping data for table `equipo`
--

LOCK TABLES `equipo` WRITE;
/*!40000 ALTER TABLE `equipo` DISABLE KEYS */;
INSERT INTO `equipo` VALUES (' CHX7350R03','EC040453','CPU NO REGISTRA','',NULL,'FRANCISCO RODRIGUEZ','144',NULL),('0',NULL,'No existe equipo','Es una entrada por defecto','2016-03-01','Nadie','102',NULL),('0003430','EC052391','TECLADO COMPUMAX','',NULL,'JOHAN ANDRES GALEANO','100',NULL),('00045-139-085-246','EC041357','CPU LGB','',NULL,'MARIO OSPINA','152',NULL),('00053938','EC041461','CPU NO REGISTRA ','HGO111',NULL,'HENRY MERCADO','138',NULL),('00058048','EC042389','CPU HG','ELICAT',NULL,'LUISA FERNANDA GONZALES','159',NULL),('00058235','EC041480','CPU HG','HG0011',NULL,'LUCIA SARMIENTO','107',NULL),('00058293','EC042394','CPU HG','',NULL,'EDNA JOHANA ORTIZ','140',NULL),('000600594','EC040478','CPU HG','',NULL,'ALBA MARINA MERCHAN','146',NULL),('00060060','EC041486','CPU HG','HG00117',NULL,'JULIA PINTO ','154',NULL),('00060347','EC041514','CPU HG','',NULL,'GLORIETH GOZALES','123',NULL),('00062206','EC040459','CPU HS','HG00133',NULL,'ERIKA MENDEZ','116',NULL),('00062211','EC041309','CPU HG','HG00133',NULL,'VALENTIN VEGA','141',NULL),('00062212','EC040451','CPU NO REGISTRA','',NULL,'YENNY ANDREA VERANO','144',NULL),('00076875','EC041242','CPU HG','',NULL,'JOMARIS CASTRO','103',NULL),('00076881','EC042384','CPU HG','',NULL,'MARIA PIEDAD GARCIA','137',NULL),('00076886','EC040038','CPU HG','',NULL,'CARLOS ANDRES MORALES','121',NULL),('00076887','EC040837','CPU HG','HG00184',NULL,'CESAR NARANJO','133',NULL),('00076893','EC040866','CPU HG','',NULL,'MARIA VICTORIA BUITRAGO','124',NULL),('00076900','EC040472','CPU HG','HG00184',NULL,'CESAR NARANJO','133',NULL),('00076929','EC041244','CPU HG','',NULL,'PIEDAD GARCIA','137',NULL),('00079515','EC040471','CPU HG','',NULL,'JAMIR TRUJILLO','114',NULL),('00082587','EC041396','CPU HG','',NULL,'SIN ASIGNACION','132',NULL),('00082629','EC040026','CPU HG','',NULL,'LUIS EDUARDO GONZALES','154',NULL),('00082654','EC041354','CPU HG','',NULL,'SIN ASIGNAR','132',NULL),('00082856','EC040477','CPU HG','',NULL,'WILLIAM LOPEZ','115',NULL),('00082881','EC040474','CPU HG','',NULL,'HENRY MERCADO','138',NULL),('001141506339','EC050038','TECLADO HG','',NULL,'CARLOS ANDRES MORALES','121',NULL),('001141506340','EC051242','TECLADO HG','',NULL,'JOMARIS CASTRO','103',NULL),('001141506346','EC051244','TECLADO HGTEC','',NULL,'PIEDAD GARCIA','137',NULL),('001141506348','EC051249','TECLADO HG','',NULL,'MARY LUZ NIÑO','155',NULL),('001141508372','EC050465','TECLADO HG','',NULL,'HENRY MERCADO','138',NULL),('0011D1506345','EC050866','TECLADO HG','',NULL,'MARIA VICTORIA BUITRAGO','124',NULL),('00154-427959-930','EC041465','CPU HP','HPCOMPAQ7900',NULL,'MARLY MARTINEZ BALLESTAS','106',NULL),('00186-147-847-641','EC040832','CPU ARGOM','',NULL,'LISBETH QUINTERO','100',NULL),('00192-036-035-182','EC020141','COMPUTADOR PORTATIL HP','G42',NULL,'WILSON ALVARAN','100',NULL),('00194905595344','EC020138','COMPUTADOR PORTATIL HP','',NULL,'SERGIO CORREA','100',NULL),('00214191919569','EC050477','TECLADO HG','',NULL,'WILLIAM LOPEZ','115',NULL),('002141919744','EC051396','TECLADO HG','',NULL,'SIN ASIGNACION','132',NULL),('002141919745','EC050471','TECLADO HG','',NULL,'LUIS EDUARDO GONZALES','154',NULL),('002141919746','EC050468','TECLADO HG','',NULL,'SIN ASIGNAR','132',NULL),('0066904434418','EC050842','TECLADO MICROSOFT','',NULL,'ANGELA SERRATO','100',NULL),('006904407592','EC050040','TECLADO MICROSOFT','NA',NULL,'FABIAN AGUIRRE YEPEZ','100',NULL),('0076919','EC041249','CPU HG','',NULL,'MARY LUZ NIÑO','155',NULL),('0083873','EC041462','CPU XIUX','S/N',NULL,'HENRY MERCADO','138',NULL),('0138','EC030454','MONITOR NOC','TEZ-1780',NULL,'ADRIANA PINZON','144',NULL),('015009G200136','EC053016','TECLADO COMPUMAX','',NULL,'YESSICA LOAZA','100',NULL),('015096202712','EC053566','TECLADO COMPUMAX','',NULL,'MARIBEL RINCON','100',NULL),('02AHCLF401649R','EC030832','MONITOR SAMSUNG','',NULL,'LISBETH QUINTERO','100',NULL),('02AKACKF500362B','EC031242','MONITOR SAMSUNG','',NULL,'JOMARIS CASTRO','103',NULL),('02AKHC4F400736Y','EC030063','MONITOR SAMSUNG','S19D300',NULL,'ANGELA SERRATO','100',NULL),('02AKHCKE500350','EC030472','MONITOR SAMSUNG','190300U',NULL,'CESAR NARANJO','133',NULL),('02AKHCKF500323Y','EC031244','MONITOR SAMSUNG','',NULL,'PIEDAD GARCIA','137',NULL),('02AKHCKF500333','EC030038','MONITOR SAMSUNG','',NULL,'CARLOS ANDRES MORALES','121',NULL),('02AKHCKF500340','EC030837','MONITOR SAMSUNG','S19D300NY',NULL,'CESAR NARANJO','133',NULL),('02AKHCKF500372','EC030866','MONITOR SAMSUNG','',NULL,'MARIA VICTORIA BUITRAGO','124',NULL),('02AKHCKF5003771','EC032384','MONITOR SAMSUNG','',NULL,'MARIA PIEDAD GARCIA','137',NULL),('02AKHCKF502366K','EC031363','MONITOR SAMSUNG','',NULL,'WILLIAM LOPEZ','115',NULL),('02AKHCKF504467P','EC031396','MONITOR SAMSUNG','',NULL,'SIN ASIGNACION','132',NULL),('02AKHCKF504656X','EC030474','MONITOR SAMSUNG','S19D300',NULL,'JAMIR TRUJILLO','114',NULL),('02AKHCKF505428B','EC031249','MONITOR SAMSUNG','',NULL,'MARY LUZ NIÑO','155',NULL),('02AKHCLF401182V','EC030040','MONITOR SAMSUNG','S19D300',NULL,'FABIAN AGUIRRE YEPEZ','100',NULL),('02AKHCLF403952','EC030927','MONITOR SAMSUNG','S19D300',NULL,'JUAN DAVID HERNANDEZ','100',NULL),('03276JA057985','EC030874','MONITOR NOC','MK',NULL,'JAVIER ARANGO CARVAJAL','124',NULL),('0521012501','EC050451','TECLADO ','',NULL,'YENNY ANDREA VERANO','144',NULL),('05210125010','EC050459','TECLADO NO REGISTRA','',NULL,'ARAMITA RAMIREZ','111',NULL),('061100913','EC040480','CPU XPX','',NULL,'PIEDAD GARCIA','137',NULL),('066904434420','EC050832','TECLADO MICROSOFT','',NULL,'LISBETH QUINTERO','100',NULL),('0754052939','EC061560','IMPRESORA EPSON','LX-350',NULL,'HENRY MERCADO','138',NULL),('100308-0570243','EC070471','UPS ','',NULL,'DANIEL RIVERA','100',NULL),('1025N07185','EC041250','CPU COMPUMAX','',NULL,'ROSA GOMEZ','112',NULL),('1025N10349','EC043566','CPU COMPUMAX','',NULL,'MARIBEL RINCON','100',NULL),('1025N12488','EC042303','CPU COMPUMAX','',NULL,'MICHEL CALPA','100',NULL),('1025N12852','EC041512','CPU COMPUMAX','',NULL,'ADRIANO BURITICA','135',NULL),('1025N13161','EC043016','CPU COMPUMAX','',NULL,'YESSICA LOAZA','100',NULL),('1025N13399','EC041515','CPU COMPUMAX','',NULL,'JUAN DAVID HERNANDEZ','100',NULL),('1025N13455','EC041513','CPU COMPUMAX','',NULL,'TATIANA SUAREZ','100',NULL),('1025N18205','EC043564','CPU COMPUMAX','',NULL,'LUIS ONIEL MURILLO','100',NULL),('1025N19111','EC043561','CPU COMPUMAX','',NULL,'FELIX HAMER CHAVERRA','100',NULL),('1025N692092','EC042388','CPU COMPUMAX','',NULL,'ALEXANDER MESA','117',NULL),('102914','EC040838','CPU DELL','VOSTRO',NULL,'FREDY ARMANDO SANABRIA','100',NULL),('10291450177','EC040027','CPU DELL','VOSTRO',NULL,'MARION ALVAREZ','100',NULL),('10291543489','EC040004','CPU DELL','VOSTRO',NULL,'BRYAN CASTAÑEDA','100',NULL),('102SN07185','EC041250','CPU COMPUMAX','',NULL,'NATALIA RAMIREZ','100',NULL),('102SN12491','EC042304','CPU COMPUMAX','',NULL,'OSCAR CALDERON','100',NULL),('102SN12851','EC042301','CPU COMPUMAX','',NULL,'JUAN CARLOS MARULANDA','124',NULL),('102SN12893','EC042302','CPU COMPUMAX','',NULL,'MARIO OSPINA','152',NULL),('102SN12937','EC041506','CPU JANUS','',NULL,'GUSTAVO ADOLFO ARIAS','100',NULL),('102SN13192','EC041505','CPU COMPUMAX','',NULL,'MIGUEL DEL TORO','106',NULL),('102SN13255','EC041516','CPU COMPUMAX','',NULL,'FRANCISCO JAVIER BENITEZ','159',NULL),('102SN13457','EC041504','CPU COMPUMAX','',NULL,'MGUEL ANGEL MOYA','159',NULL),('102SN15721','EC043014','CPU COMPUMAX','',NULL,'PAULA MARULANDA','100',NULL),('102SN15944','EC043015','CPU COMPUMAX','',NULL,'NATALIA RAMIREZ','100',NULL),('102SV1819G','EC043565','CPU COMPUMAX','',NULL,'JENNIFER GOMEZ','100',NULL),('11030702201','EC043260','CPU JANUS','G41D3',NULL,'LISETH JOHANA MACIAS M','111',NULL),('11031504268','EC043259','CPU JANUS','',NULL,'MARISOL FRANCO','',NULL),('11095N2694','EC040448','CPU COMPUMAX','FTCC222',NULL,'','142',NULL),('11101948477','EC043521','CPU JANUS','',NULL,'HEIDER JOHANA RUIZ','',NULL),('11110600004','EC031504','MONITOR JANUS','98CV',NULL,'DANIEL RIVERA','100',NULL),('111201406VE','EC040462','CPU SURE','',NULL,'LIDA ZORAIDA  SUTACHAN','111',NULL),('11150639811','EC060957','IMPRESORA LEXMARK','',NULL,'SERGIO CORREA','100',NULL),('11913728325','EC020481','COMPUTADOR PORTATIL ACER','ASPIRE 4263',NULL,'LADY DIANA PALOMINO','115',NULL),('12015LE15080501000','EC031511','MONITOR JANUS','',NULL,'RICARDO HENAO','100',NULL),('120420086851','EC041507','CPU ','',NULL,'DANIEL RIVERA','100',NULL),('120728108234','EC043138','CPU ANUS','',NULL,'BILMAIRA CARABALLO HERRERA','',NULL),('120823','EC030444','MONITOR JANUS','1913LA',NULL,'MARY LUZ NIÑO','155',NULL),('1213221','EC070459','UPS CDP','',NULL,'ARAMITA RAMIREZ','111',NULL),('1214103000095','EC071584','UPS STARTEC','',NULL,'LUIS JAIR RAMIREZ','123',NULL),('121410300093','EC071595','UPS STARTEC','',NULL,'MILADY GIL','117',NULL),('121410300096','EC071574','UPS STARTEC','',NULL,'MARTHA RIVERO','103',NULL),('121410300676','EC071585','UPS STARTEC','',NULL,'ERIKA MARIA MENDEZ','116',NULL),('121502301420','EC071176','UPS STARTEC','',NULL,'JULIAN GUTIERREZ','100',NULL),('121502301421','EC070001','UPS STARTEC','',NULL,'BEATRIZ ELENA CARMONA','100',NULL),('121502301422','EC070451','UPS STARTEC','',NULL,'YENNY ANDREA VERANO','144',NULL),('121502301567','EC070206','UPS STARTEC','',NULL,'JULIAN GUIERREZ','100',NULL),('121502301568','EC071108','UPS STARTEC','',NULL,'JULIAN GUTIERREZ','100',NULL),('12150230157','EC071107','UPS STARTEC','',NULL,'JULIAN GUTIERREZ','100',NULL),('121502301624','EC071175','UPS STARTEC','',NULL,'JULIAN GUTIERREZ','100',NULL),('121502301625','EC070209','UPS STARTEC','',NULL,'JULIAN GUTIERREZ','100',NULL),('121502501569','EC070203','UPS STARTEC','',NULL,'JULIAN GUTIERREZ','100',NULL),('121503303010','EC071100','UPS STARTEC','',NULL,'YURY SUAREZ','121',NULL),('121503303012','EC071179','UPS STARTEC','',NULL,'YOMARIS CASTRO','103',NULL),('121503303013','EC071103','UPS STARTEC','',NULL,'SIN ASIGNAR','132',NULL),('121503303014','EC071180','UPS STARTEC','',NULL,'CARLOS FELIPE AGUIRRE','100',NULL),('121503303015','EC071178','UPS STARTEC','',NULL,'DANIELA GIRALDO','152',NULL),('121503303016','EC071339','UPS STARTEC','',NULL,'LUIS JAIR RAMIREZ','123',NULL),('121503303089','EC071177','UPS STARTEC','',NULL,'SERGIO CORREA','100',NULL),('121503303090','EC071105','UPS STARTEC','',NULL,'JORGE MIGUEL GUTIERREZ','120',NULL),('121503303091','EC071341','UPS STARTEC','',NULL,'SERGIO CORREA','100',NULL),('121503303092','EC071101','UPS STARTEC','',NULL,'YURY SUAREZ','121',NULL),('121507300141','EC070463','UPS STARTEC','',NULL,'SERGIO CORREA','100',NULL),('121507300142','EC070477','UPS STARTEC','',NULL,'MICHAEL OVIEDO','100',NULL),('121507300143','EC070465','UPS STARTEC','',NULL,'RUBEN GOMEZ','100',NULL),('121507300144','EC070472','UPS STARTEC','',NULL,'SANDRA RODRIGUEZ','109',NULL),('121507300218','EC070470','UPS STARTEC','',NULL,'JULIAN PINTO','154',NULL),('121507300220','EC070473','UPS STARTEC','',NULL,'ASTRID CAROLINA OLARTE','114',NULL),('121507300269','EC071578','UPS STARTEC','ST-U-650',NULL,'MARION ALVAREZ','100',NULL),('121507300270','EC071580','UPS STARTEC','ST-U-650',NULL,'ROBERTO ANDRES VALENCIA','100',NULL),('121507300271','EC071579','UPS STARTEC','ST-U-650',NULL,'SIN ASIGNAR','156',NULL),('121507300272','EC071581','UPS STARTEC','ST-U-650',NULL,'JERSON JIMENEZ','100',NULL),('121601300905','EC071589','UPS STARTEC','',NULL,'SERGIO CORREA','100',NULL),('121601300906','EC072923','UPS STARTEC','',NULL,'SERGIO CORREA','100',NULL),('121601300907','EC071597','UPS STARTEC','',NULL,'SERGIO CORREA','100',NULL),('121601300908','EC072928','UPS STARTEC','',NULL,'','145',NULL),('121601300933','EC071598','UPS STARTEC','',NULL,'-','145',NULL),('121601300934','EC072925','UPS STARTEC','',NULL,'FREDY SANABRIA','100',NULL),('121601301337','EC072927','UPS STARTEC','',NULL,'SERGIO CORREA','100',NULL),('121601301338','EC072926','UPS STARTEC','',NULL,'SERGIO CORREA','100',NULL),('121601301339','EC071599','UPS STARTEC','',NULL,'SERGIO CORREA','100',NULL),('121601301340','EC071600','UPS STARTEC','',NULL,'SERGIO CORREA','100',NULL),('12526C11XWTY','EC023551','TABLET SAMSUNG','TALO A',NULL,'CESAR NARANJO','133',NULL),('130706190564','EC041502','CPU JANUS','',NULL,'MICHAEL OVIEDO','100',NULL),('140210-77700019','EC071378','UPS TITAN','10K',NULL,'SERGIO CORREA','100',NULL),('1456BADSR00929T','EC063152','IMPRESORA Y SCANERS SAMSUNG','SCX-4300',NULL,'BILMAIRA CARABALLO HERRERA','',NULL),('148022798630','EC040829','CPU ACER','',NULL,'GLORIA VALENCIA','100',NULL),('153157C25MJFTDMH','EC041298','CPU LENOVO','',NULL,'SERGIO CORREA','100',NULL),('153157C25MJFTDMY','EC040062','CPU THINK CENTER','',NULL,'NATALIA RODRIGUEZ','100',NULL),('153157C25MJFTDNH','EC040865','CPU LENOVO','',NULL,'SERGIO CORREA','100',NULL),('1541A5312306974EX','EC050865','TECLADO IENOVO','',NULL,'SERGIO CORREA','100',NULL),('15KBM3COMBOJ108897','EC051507','TECLADO JANUS','',NULL,'DANIEL RIVERA','100',NULL),('160407366031','EC043070','CPU JANUS','',NULL,'JOSE GALLEGO','100',NULL),('160408366215','EC041511','CPU JANUS','',NULL,'RICARDO HENAO','161',NULL),('1615HCGY4120107 (BARRIGON TITI','EC030453','MONITOR SAMSUNG','5915',NULL,'FRANCISCO RODRIGUEZ','144',NULL),('1707902011','EC041395','CPU NEXT','',NULL,'ANDERSON BALLESTEROS','113',NULL),('1708910002','EC041489','CPU NO REGISTRA ','',NULL,'JOSE GREGORIO ROJANO','105',NULL),('17099003067','EC040855','CPU NEXT','',NULL,'RUBEN DARIO GOMEZ','100',NULL),('1709904020','EC040039','CPU NEXT','',NULL,'LUISA FERNANDA OVALLE','100',NULL),('1709904810','EC040858','CPU NEXT','',NULL,'LUZ ANGELA ROMERO','144',NULL),('1711909015','EC041496','CPU NEXT','',NULL,'ANA PATERNINA','142',NULL),('181743','EC041470','CPU SURE','',NULL,'ORLANDO ACOSTA PELAEZ ','138',NULL),('19001528','EC050440','TECLADO COMPAQ','',NULL,'JHON EDISON LENIS','139',NULL),('19160124553','EC040002','CPU DELL','',NULL,'VANESA GALINDO','100',NULL),('19160217866','EC040025','CPU DELL','',NULL,'FELIX HAMMER CHAVERRA','100',NULL),('19160357833','EC042404','CPU DELL','',NULL,'JORGE ELIECER LOPEZ','159',NULL),('19161710867','EC040019','CPU DELL','VOSTRO',NULL,'DANIELA GARCIA','100',NULL),('19161804169','EC040011','CPU DELL','VOSTRO',NULL,'JHON STIVEN MESA','100',NULL),('1VHP185049','EC060963','IMPRESORA HP','P2014',NULL,'SERGIO CORREA','100',NULL),('1YMY718428','EC060976','IMPRESORA EPSON','LX-300',NULL,'SERGIO CORREA','100',NULL),('2005N68137','EC040037','CPU COMPUMAX','',NULL,'YURY SUAREZ','121',NULL),('20061120144','EC041474','CPU COIIU','',NULL,'IRIS STELLA MARTINEZ','108',NULL),('200710209','EC041490','CPU NO REGISTRA ','',NULL,'JOSE GREGORIO ROJANO','105',NULL),('200710215','EC040456','CPU NO REGISTRA','S/R',NULL,'SANDRA RODRIGUEZ','109',NULL),('200SN67791','EC040035','CPU COMPUMAX','',NULL,'JORGE MIGUEL GUARIN','120',NULL),('200SN69075','EC041508','CPU COMPUMAX','',NULL,'RAMON ALVAREZ','108',NULL),('200SN69693','EC042391','CPU COMPUMAX','',NULL,'JOHAN ANDRES GALEANO','100',NULL),('200SN69694','EC042405','CPU COMPUMAX','',NULL,'NELSON TORRES','100',NULL),('2012031878','EC040028','CPU SENTEY','',NULL,'LUZ MIRIAM LUGO','',NULL),('203NDEZ1W556','EC033142','MONITOR LG','E1942CA',NULL,'TANIA ANGÉLICA MARQUEZ','',NULL),('203NDVW1WS43','EC030028','MONITOR LG','',NULL,'LUZ MIRIAM LUGO','',NULL),('2070W/064CB8KG7F0000R','EC063443','IMPRESORA SAMSUNG','EPIESSMB',NULL,'NANCY FIERRO RUBIO','140',NULL),('2141912210','EC050473','TECLADO HG','',NULL,'MARTHA LUCIA MOSQUERA','140',NULL),('220820140112','EC040876','CPU NO REGISTRA','',NULL,'CESAR AUGUSTO LOPEZ','125',NULL),('221022304972','EC073159','UPS ','STU650',NULL,'','',NULL),('221112300128','EC070475','UPS ','',NULL,'DANIEL RIVERA','100',NULL),('22112300527','EC070204','UPS STARTEC','',NULL,'MARION ALVAREZ','100',NULL),('221202304175','EC071184','UPS STARTEC','',NULL,'JERSON JIMENEZ','100',NULL),('22120730329','EC071106','UPS STARTEC','10K',NULL,'CIPRIANA RIVERA','127',NULL),('221210303946','EC071587','UPS ','GTU-650',NULL,'NETY FONTALVO HERNANDEZ','104',NULL),('221210304076','EC071596','UPS STARTEC','STU-950',NULL,'MARCELA ARIAS','130',NULL),('221305300021','EC071185','UPS STARTEC','',NULL,'EFRAIN ESPAÑA','100',NULL),('221305300023','EC071586','UPS STARTEC','U650',NULL,'SERGIO SARMIENTO','104',NULL),('221309302801','EC071593','UPS STARTEC','',NULL,'SANDRA MUÑOZ','135',NULL),('221309302803','EC071572','UPS STARTEC','ST-U-650',NULL,'HENRY MERCADO','138',NULL),('221309302804','EC070474','UPS STARTEC','',NULL,'ALEJANDRO ALVAREZ','100',NULL),('221309302905','EC071099','UPS STARTEC','',NULL,'RUBEN DARIO GOMEZ','100',NULL),('221309302908','EC071181','UPS STARTEC','',NULL,'MICHAEL OVIEDO','100',NULL),('221309302973','EC072924','UPS STARTEC','',NULL,'CAROLINA GOMEZ','100',NULL),('221309302975','EC070207','UPS STARTEC','',NULL,'LEIDY JOHANA OSORIO','100',NULL),('221309302976','EC070452','UPS STARTEC','ST-U-650',NULL,'JENY ALEJANDRA TEJADA','133',NULL),('221309303017','EC070205','UPS STARTEC','',NULL,'ROSA GOMEZ','112',NULL),('221309303018','EC072972','UPS STARTEC','',NULL,'JORGE MIGUEL GUARIN','120',NULL),('221309303019','EC071590','UPS STARTEC','STV-650',NULL,'AGUSTIN JOSE GONZALEZ','106',NULL),('221309303020','EC071182','UPS STARTEC','',NULL,'SERGIO CORREA','100',NULL),('221309303150','EC070202','UPS STARTEC','',NULL,'JUAN CARLOS GIRALDO','100',NULL),('221309303151','EC071368','UPS STARTEC','',NULL,'ANDERSON BALLESTEROS','113',NULL),('221309303257','EC070201','UPS STARTEC','NA',NULL,'FREDY ARMANDO SANABRIA','100',NULL),('221309303260','EC070441','UPS ','',NULL,'ERIKA MORENO','139',NULL),('221309303285','EC071367','UPS STARTEC','',NULL,'AIDA LUZ CAÑAS','128',NULL),('221309303397','EC071588','UPS STARTEC','STV-650',NULL,'MARLY MARTINEZ BALLESTAS','106',NULL),('221309303398','EC071571','UPS STARTEC','STU-650',NULL,'LUCIA SARMIENTO','107',NULL),('221309303399','EC070467','UPS STARTEC','ST-U-650',NULL,'NASLY KATERINE HERNANDEZ','157',NULL),('221309303411','EC070449','UPS ','CP-650',NULL,'ALEXANDRA GUARIN','115',NULL),('221309308006','EC071583','UPS STARTEC','',NULL,'ESTHER JAZMIN ZAPATA','110',NULL),('2213302802','EC071575','UPS STARTEC','ST-U650',NULL,'ANGELA TORRES ','153',NULL),('22139930341O','EC071183','UPS STARTEC','',NULL,'CARLOS ENRIQUE MONTOYA','100',NULL),('2306086','EC051004','TECLADO LENOVO','',NULL,'SERGIO CORREA','100',NULL),('2306962','EC050826','TECLADO IENOVO','',NULL,'NATALIA CAMARGO','100',NULL),('2306963','EC051245','TECLADO IENOVO','',NULL,'LUCIA SARMIENTO','107',NULL),('2510DFEB100180L','EC063265','IMPRESORA SAMSUNG','',NULL,'MARISOL FRANCO','',NULL),('251OBFEB100503J','EC061264','IMPRESORA SAMSUNG','',NULL,'DANIEL RIVERA','100',NULL),('2582AC1-KQSL6MD','EC041297','CPU IBM','SYSTEM X3100 (SERVIDOR)',NULL,'SERGIO CORREA','100',NULL),('25E5BFEB301835X','EC062264','IMPRESORA SAMSUNG ','',NULL,'DANIEL RIVERA','100',NULL),('2736BFEC200349F','EC062260','IMPRESORA SAMSUNG ','',NULL,'DANIEL RIVERA','100',NULL),('2907412','EC051332','TECLADO IBM','',NULL,'SERGIO CORREA','100',NULL),('2A2688940','EC021393','COMPUTADOR PORTATIL TOSHIBA ','PSLV64',NULL,'JORGE HERNANDEZ ','150',NULL),('2A578650K','EC022252','COMPUTADOR PORTATIL ','',NULL,'DANIEL RIVERA','100',NULL),('2CE71508L5','EC022251','COMPUTADOR PORTATIL HP','',NULL,'DANIEL RIVERA','100',NULL),('2CE8319JF6','EC020883','COMPUTADOR PORTATIL COMPAQ','',NULL,'SERGIO CORREA','100',NULL),('2CE90647D7','EC022256','COMPUTADOR PORTATIL COMPAQ','',NULL,'DANIEL RIVERA','100',NULL),('2CE906485C','EC020884','COMPUTADOR PORTATIL COMPAQ','',NULL,'SERGIO CORREA','100',NULL),('2GMYSA6B8000134','EC062263','IMPRESORA SAMSUNG ','',NULL,'DANIEL RIVERA','100',NULL),('2M0702028546','EC052397','TECLADO GENIUS','',NULL,'MAURICIO BAZURDO','137',NULL),('2M400','EC060164','IMPRESORA (CODIGO BARRAS) ','',NULL,'SERGIO CORREA','100',NULL),('2M760703650','EC051479','TECLADO GENIUS','K-645',NULL,'LINA MADERA ','108',NULL),('2M7702062198','EC050868','TECLADO GENIUS','',NULL,'CAROL ADRIANA GOMEZ','125',NULL),('2M9302028193','EC051483','TECLADO GENIUS','K-639',NULL,'MARTHA RIVERO','103',NULL),('2M9A15030705','EC050003','TECLADO GENIUS','',NULL,'ANGELA ROMERO','144',NULL),('2MO202010914','EC050450','TECLADO GENIUS','K639',NULL,'WILLIAM LOPEZ','115',NULL),('2MO707012360','EC051497','TECLADO GENIUS ','EF',NULL,'ROSA CAUSIL ','142',NULL),('2RI203305797','EC071577','UPS STARTEC','ST-U-650',NULL,'MARIA FERRER PEÑA','102',NULL),('300SN38316','EC043562','CPU COMPUMAX','',NULL,'EISEN HOWER MONCADA','100',NULL),('300SN38317','EC043563','CPU COMPUMAX','',NULL,'-','145',NULL),('3015007002077','EC051514','TECLADO OMEGA','',NULL,'GLORIETH GOZALES','123',NULL),('30170200945','EC041310','CPU XPX','',NULL,'MARTHA LUCIA MOSQUERA','140',NULL),('305NDDMKW762','EC030441','MONITOR LG','',NULL,'ERIKA MORENO','139',NULL),('305NDNUJ4079','EC031514','MONITOR LG','',NULL,'GLORIETH GOZALES','123',NULL),('305NDREJ4110','EC031476','MONITOR LG','19EN33',NULL,'SANDRA BARRETO','108',NULL),('305NOMIJ4099','EC031461','MONITOR LG','19EN336',NULL,'HENRY MERCADO','138',NULL),('307NDHBBK929','EC031480','MONITOR LG','19EN335A',NULL,'MARIA FERRER PEÑA','102',NULL),('309NDSKN3398','EC031486','MONITOR LG','19EN33',NULL,'JULIA PINTO ','154',NULL),('309NDXQN3458','EC032389','MONITOR LG','FLATRON',NULL,'LUISA FERNANDA GONZALES','159',NULL),('311NDH8909465','EC030835','MONITOR LG','ZOEN 33',NULL,'LUISA SANCHEZ','100',NULL),('312NDBP7C381','EC030033','MONITOR LG','',NULL,'KATHERINE TRUJILLO','100',NULL),('312NDHB7C385','EC030827','MONITOR LG','FLATRON',NULL,'ROSARIO VALENCIA CHAVEZ','100',NULL),('312NDN078647','EC030825','MONITOR LG','',NULL,'ROBERTO ANDRES VALENCIA','100',NULL),('312WE3A9400162','EC050825','TECLADO GENIUS','',NULL,'ROBERTO ANDRES VALENCIA','100',NULL),('35464','EC060679','IMPRESORA EPSON','LX-300+II',NULL,'DIDIER CAMILO PEÑA','155',NULL),('3886','EC040458','CPU BENQ','',NULL,'HUGO MORALES CASTAÑEDA','109',NULL),('3C110420Q','EC021346','COMPUTADOR PORTATIL TOSHIBA','',NULL,'ANDRES FELIPE BERNIL','100',NULL),('3CQ4433CZB','EC032521','MONITOR HP','V193',NULL,'EDWIN GONZALES','',NULL),('3CQ9092G3V','EC030865','MONITOR HP','HP 2009M',NULL,'SERGIO CORREA','100',NULL),('3CR01913LF','EC020899','COMPUTADOR PORTATIL COMPAQ','TODO EN UNO',NULL,'SERGIO CORREA','100',NULL),('3CR0220QY3','EC020904','COMPUTADOR PORTATIL COMPAQ','TODO EN UNO',NULL,'SERGIO CORREA','100',NULL),('3CR0510QPL','EC020879','COMPUTADOR PORTATIL COMPAQ','TODO EN UNO',NULL,'SERGIO CORREA','100',NULL),('3CR1031NHO','EC022255','COMPUTADOR PORTATIL COMPAQ','',NULL,'ADRIANO BURITICA','135',NULL),('3CR10400WX','EC020902','COMPUTADOR PORTATIL COMPAQ','TODO EN UNO',NULL,'SERGIO CORREA','100',NULL),('3CR10401L4','EC020898','COMPUTADOR PORTATIL COMPAQ','TODO EN UNO',NULL,'SERGIO CORREA','100',NULL),('3CR10411M9','EC020905','COMPUTADOR PORTATIL COMPAQ','TODO EN UNO',NULL,'SERGIO CORREA','100',NULL),('3CR2200CNZX','EC041247','CPU COMPAQ','',NULL,'LUIS MURILLO','100',NULL),('3CR2300LX6','EC040015','CPU COMPAQ','',NULL,'ANDRES GIRON','100',NULL),('3CR2300M33','EC040860','CPU COMPAQ','',NULL,'JHON JAIRO SANCHEZ','100',NULL),('3CR2300M8R','EC040853','CPU COMPAQ','',NULL,'JESSICA LONDOÑO','128',NULL),('3CR2300MN8','EC040841','CPU COMPAQ','',NULL,'DANIELA TABORDA','100',NULL),('3CR2300MND','EC040007','CPU COMPAQ','',NULL,'LINA MARCELA ALZATE','100',NULL),('3CR2309MFC','EC041246','CPU COMPAQ','',NULL,'ALEXANDER ALVAREZ','100',NULL),('3CR93718T4','EC041501','CPU HP','S522019',NULL,'DANIEL RIVERA','100',NULL),('3CR9411947','EC040010','CPU HP','',NULL,'PAOLA SUAREZ','100',NULL),('4005N20934','EC041509','CPU COMPUMAX','',NULL,'SIN ASIGNAR','156',NULL),('4005N20941','EC041510','CPU COMPUMAX','',NULL,'SIN ASIGNAR','156',NULL),('4006II+A036580','EC031487','MONITOR NOC ','TET1560',NULL,'ZULEMA VERBEL ','154',NULL),('403KGFJ95947','EC031501','MONITOR LG','FLATRON',NULL,'DANIEL RIVERA','100',NULL),('40524','EC030440','MONITOR ACER','V173',NULL,'JHON EDISON LENIS','139',NULL),('40904271242','EC030026','MONITOR ACER','V196HQL',NULL,'','',NULL),('40904276042','EC030867','MONITOR ACER','',NULL,'MARIA VICTORIA BUITRAGO','125',NULL),('4110502160','EC073557','UPS NICOMAR','',NULL,'NANCY BURBANO','',NULL),('433029EK801','EC050847','TECLADO ACER','',NULL,'JULIAN GUTIERREZ','100',NULL),('435302-161','EC053138','TECLADO HP','',NULL,'BILMAIRA CARABALLO HERRERA','',NULL),('4360026E9K801','EC040873','CPU ACER','',NULL,'JULIAN GUTIERREZ','100',NULL),('43601111685','EC030831','MONITOR ACER','',NULL,'LUZMAN ARISTIZABAL','100',NULL),('4360260BK801','EC051317','TECLADO ACER','',NULL,'DAVID GIRALDO','100',NULL),('436026E1K801','EC050851','TECLADO ACER','',NULL,'ANGELA ZAPATA VINASCO','100',NULL),('436026E7K801','EC050849','TECLADO ACER','',NULL,'JULIAN GUTIERREZ','100',NULL),('43602738K801','EC051318','TECLADO ACER','',NULL,'SERGIO CORREA','100',NULL),('436027A4K801','EC050846','TECLADO ACER','',NULL,'YULENY GALVIS','100',NULL),('436027A7K801','EC050840','TECLADO ACER','NA',NULL,'ANA MILENA LOPEZ','100',NULL),('436027A8K801','EC050001','TECLADO ACER','',NULL,'BEATRIZ ELENA CARMONA','100',NULL),('436027ABK801','EC050848','TECLADO ACER','',NULL,'EDILTON CELIS MARIN','100',NULL),('436027AK801','EC050852','TECLADO ACER','',NULL,'JULIAN GUTIERREZ','100',NULL),('436027CAK801','EC050872','TECLADO ACER','',NULL,'JOSE GALLEGO','100',NULL),('4362736K801','EC051359','TECLADO ACER','',NULL,'LUZMAN ARISTIZABAL','100',NULL),('438199-001','EC031496','MONITOR HP','LX-1506',NULL,'ANA PATERNINA','142',NULL),('438199-001-CNC838QZVZ','EC030480','MONITOR HP','HPL1506',NULL,'AIDA LUZ CAÑAS','128',NULL),('455990-101','EC030462','MONITOR HP','L1710',NULL,'LIDA ZORAIDA  SUTACHAN','111',NULL),('481577-092','EC041475','CPU HP','DX7400',NULL,'LUTY MARTINEZ ','108',NULL),('481677-002','EC041479','CPU HP','DX-2400',NULL,'LINA MADERA ','108',NULL),('4907','EC053015','TECLADO COMPUMAX','',NULL,'NATALIA RAMIREZ','100',NULL),('4C131511W','EC020888','COMPUTADOR PORTATIL TOSHIBA','SATELITE L735',NULL,'SERGIO CORREA','100',NULL),('4C51340BCK','EC020158','COMPUTADOR PORTATIL HP','TODO EN UNO',NULL,'YULENY GALVIS ','100',NULL),('4C51340BF7','EC020142','COMPUTADOR PORTATIL HP','TODO EN UNO',NULL,'ANGELA MARIA ZAPATA','100',NULL),('4CE11817R8','EC041251','CPU COMPAQ','',NULL,'ALEJANDRO LOPEZ','100',NULL),('4CE11818127','EC040036','CPU COMPAQ','',NULL,'YURY SUAREZ','121',NULL),('4CE11818QQ','EC040064','CPU COMPAQ','CQ1000',NULL,'SERGIO CORREA','100',NULL),('4CE11818WX','EC040065','CPU COMPAQ','CQ1000',NULL,'SERGIO CORREA','100',NULL),('4CE11818Y1','EC040061','CPU COMPAQ','CQ1000',NULL,'MICHELLE CALPA','100',NULL),('4CE118191X','EC040861','CPU COMPAQ','',NULL,'JHONNY FLOREZ','100',NULL),('4CE919015K','EC040469','CPU COMPAQ','DX2401',NULL,'CONSUELO MOJICA','157',NULL),('4CKRQ-XYRRF-GGF26-XVGK-X16960','EC040032','CPU JANUS','',NULL,'ANA MARIA ACOSTA','100',NULL),('4CS13409ZJ','EC020156','COMPUTADOR PORTATIL HP','TODO EN UNO',NULL,'JHONATHAN AYALA','108',NULL),('4CS1340BCS','EC020151','COMPUTADOR PORTATIL HP','TODO EN UNO',NULL,'ARIS RAMIREZ','111',NULL),('4Q6DHS1','EC040473','CPU DELL','',NULL,'JAMIR TRUJILLO','114',NULL),('4XL9210DCR','EC041481','CPU HP','DX-2400',NULL,'ANGELA TORRES ','153',NULL),('502NDC29T107','EC031510','MONITOR LG','',NULL,'SIN ASIGNAR','156',NULL),('502NDRF9T102','EC031509','MONITOR LG','',NULL,'SIN ASIGNAR','156',NULL),('506NTHM2X929','EC032303','MONITOR LG','',NULL,'MICHEL CALPA','100',NULL),('506NTLE2V584','EC033563','MONITOR LG','',NULL,'-','145',NULL),('506NTLE2X576','EC032391','MONITOR LG','',NULL,'JOHAN ANDRES GALEANO','100',NULL),('506NTV52V527','EC033562','MONITOR LG','',NULL,'EISEN HOWER MONCADA','100',NULL),('506NTYT2X546','EC032405','MONITOR LG','',NULL,'NELSON TORRES','100',NULL),('506NTYT2X930','EC032304','MONITOR LG','LED',NULL,'NATALIA RAMIREZ','100',NULL),('508NTWG7H257','EC033015','MONITOR LG','',NULL,'NATALIA RAMIREZ','100',NULL),('508NTXR7H258','EC033014','MONITOR LG','',NULL,'PAULA MARULANDA','100',NULL),('512MXNU1X503','EC030942','MONITOR LG','',NULL,'SERGIO CORREA','100',NULL),('512MXZJ21373','EC030468','MONITOR LG','FLATRON',NULL,'DANIEL RIVERA','100',NULL),('51913IE12030101717','EC033139','MONITOR ANUS','',NULL,'BILMAIRA CARABALLO HERRERA','',NULL),('52044010105','EC060959','IMPRESORA LEXMARK','Z35',NULL,'SERGIO CORREA','100',NULL),('5251K591330','EC061521','IMPRESORA EPSON','EM210',NULL,'IRIS STELLA MARTINEZ','108',NULL),('525K576628','EC061536','IMPRESORA EPSON ','L-210',NULL,'ARMANDO MARIN ','150',NULL),('53336','EC053014','TECLADO COMPUMAX','',NULL,'PAULA MARULANDA','100',NULL),('59005KN','EC061265','IMPRESORA LEXMARK','',NULL,'DANIEL RIVERA','100',NULL),('5CB14234QT','EC020155','COMPUTADOR PORTATIL HP MINI','',NULL,'SERGIO CORREA','100',NULL),('5CB14234XT','EC020887','COMPUTADOR PORTATIL HP','',NULL,'SERGIO CORREA','100',NULL),('5CB222008Q','EC020897','COMPUTADOR PORTATIL COMPAQ','PRESARIO CQ43',NULL,'SERGIO CORREA','100',NULL),('5CB226192W','EC020890','COMPUTADOR PORTATIL COMPAQ','PRESARIO CQ43',NULL,'SERGIO CORREA','100',NULL),('5CD210053Y','EC020152','COMPUTADOR PORTATIL HP MINI','',NULL,'SERGIO CORREA','100',NULL),('5CD2116QVC','EC023146','COMPUTADOR PORTATIL HP','PAVILON',NULL,'MARIA ELENA SANCHEZ','',NULL),('5CD3106184','EC022747','COMPUTADOR PORTATIL HP','b8t53la',NULL,'ALEJANDRA DIAZ','',NULL),('5CD4333LKM','EC020894','COMPUTADOR PORTATIL HP','HP 14',NULL,'JUAN CARLOS MARULANDA','125',NULL),('5CM132082Z','EC020900','COMPUTADOR PORTATIL COMPAQ','TODO EN UNO',NULL,'SERGIO CORREA','100',NULL),('5CM132087Y','EC020148','COMPUTADOR PORTATIL COMPAQ','TODO EN UNO',NULL,'ASTRID AYALA','142',NULL),('5CM2260942','EC020150','COMPUTADOR PORTATIL COMPAQ','TODO EN UNO',NULL,'JAMIR TRUJILLO','114',NULL),('5CM31205BJ','EC020892','COMPUTADOR PORTATIL HP','TODO EN UNO',NULL,'OSCAR DANIEL CARDONA','100',NULL),('5D2444N87','EC022491','COMPUTADOR PORTATIL HP','RT3290',NULL,'LAURA LOPEZ','160',NULL),('5Q6805200018ZF','EC040040','CPU ARGOM','NA',NULL,'KATHERINE TRUJILLO','100',NULL),('6001730','EC050466','TECLADO COMPAQ','',NULL,'SAMUEL CASTRILLON','133',NULL),('60142','EC040441','CPU HG','HG00117',NULL,'ERIKA MORENO','139',NULL),('60576','EC041520','CPU HG','',NULL,'JEYBER CARMONA','130',NULL),('60582','EC040867','CPU HS','',NULL,'MARIA VICTORIA BUITRAGO','125',NULL),('61085HA221084','EC030871','MONITOR NOC','',NULL,'MARIA VICTORIA BUITRAGO','124',NULL),('61100739','EC040822','CPU XPX','',NULL,'JUAN DAVID HERNANDEZ','100',NULL),('643391-161','EC050065','TECLADO HP','',NULL,'JHONATHAN AYALA','108',NULL),('64369-161','EC050824','TECLADO HP','',NULL,'YULENY GALVIS','100',NULL),('64369161','EC050032','TECLADO HP','',NULL,'LEIDY LORENA GRAJALES','100',NULL),('672646-163','EC052521','TECLADO HP','',NULL,'EDWIN GONZALES','',NULL),('6781797865','EC040033','CPU DELL','VOSTRO',NULL,'LEIDY LORENA GRAJALES','100',NULL),('678333513','EC040008','CPU DELL','VOSTRO',NULL,'DIANA PAOLA CORTES','100',NULL),('6783384169','EC040013','CPU DELL','VOSTRO',NULL,'ELIZABETH CASTRO','100',NULL),('6785017129','EC040017','CPU DELL','VOSTRO',NULL,'LEIDY TATIANA CORREA','100',NULL),('68DY421964','EC060050','IMPRESORA EPSON','LX-300+II',NULL,'ALBA MARINA MERCHAS','152',NULL),('68DY421996','EC060689','IMPRESORA EPSON','LX-300+II',NULL,'LUZ ANGELA ROMERO','144',NULL),('697737-161','EC050478','TECLADO HP','',NULL,'ALBA MARINA MERCHAN','152',NULL),('6CM210GR3','EC030925','MONITOR COMPAQ','W19529',NULL,'MIGUEL DEL TORO','106',NULL),('6CM21206NK','EC030841','MONITOR COMPAQ','W19524',NULL,'DANIELA TABORDA','100',NULL),('6CM2120GNV','EC030007','MONITOR COMPAQ','',NULL,'LINA MARCELA ALZATE','100',NULL),('6CM2190241','EC031246','MONITOR COMPAQ','',NULL,'ALEXANDER ALVAREZ','100',NULL),('6CM2190Q2K','EC030015','MONITOR COMPAQ','',NULL,'ANDRES GIRON','100',NULL),('6CM2190R48','EC030860','MONITOR COMPAQ','W1959',NULL,'JHON JAIRO SANCHEZ','100',NULL),('6CM4131T68','EC030934','MONITOR HP','HPLV1911',NULL,'BEATRIZ ELENA CARMONA','100',NULL),('6CM4131TGF','EC031243','MONITOR HP','PAVILON',NULL,'JERSON JIMENEZ','100',NULL),('6CM4131TGG','EC030836','MONITOR HP','LV 911',NULL,'SANDRA DUQUE','100',NULL),('6CM4131TGX','EC030023','MONITOR HP','',NULL,'DANIELA GARCIA','100',NULL),('6CM4131TH1','EC030020','MONITOR HP','',NULL,'EDUARD ALEXANDER LADINO','100',NULL),('6CM4131TH2','EC030833','MONITOR HP','',NULL,'GLORIA LUCIA RAMIREZ','100',NULL),('6CM4131V3R','EC030823','MONITOR HP','LP 1911',NULL,'JUAN CARLOS GIRALDO','100',NULL),('6CM4131V44','EC030005','MONITOR HP','HPLV1911',NULL,'JESSICA VANESSA GUZMAN','100',NULL),('705NDZ14R685','EC030824','MONITOR LG','',NULL,'SERGIO CORREA','100',NULL),('72RCQT483VTVCRBR93QXBPKWF','EC040825','CPU POWER','',NULL,'ROBERTO ANDRES VALENCIA','100',NULL),('7510BFGB100353A','EC061266','IMPRESORA SAMSUNG','',NULL,'DANIEL RIVERA','100',NULL),('7703240072693','EC070440','UPS NICOMAR','NET 750',NULL,'OLGA ROCIO HUERTAS','155',NULL),('7708770446464','EC053603','TECLADO UNITEC','830',NULL,'ERIKA MILENA LOZANO','158',NULL),('7709990622256','EC050064','TECLADO JANUS','',NULL,'ANA MARIA ACOSTA','100',NULL),('7709991622256','EC050830','TECLADO JANUS','',NULL,'ANGELICA MARIA MARIN B','100',NULL),('7BPMYP1','EC022744','COMPUTADOR PORTATIL DELL','N4010',NULL,'NATALIA COPETE','160',NULL),('7M7202037162','EC050862','TECLADO NO REGISTRA','',NULL,'GABRIEL RAMIREZ','127',NULL),('7XTXC-FUH26-JJ86C-W2498-TXYFB-','EC020145','COMPUTADOR PORTATIL COMPAQ','TODO EN UNO',NULL,'LUIS JOSE CAICEDO','100',NULL),('803NDDMC2330','EC032403','MONITOR LG','FLATRON ',NULL,'MIGUEL ANGEL MOYA','159',NULL),('8040X2J36253','EC031518','MONITOR LG','',NULL,'YENNIFER RODRIGUEZ','110',NULL),('804KCWC3W001','EC030009','MONITOR LG','',NULL,'JHON STIVEN MESA','100',NULL),('804KLVD3N007','EC030822','MONITOR LG','FLATRON',NULL,'JUAN DAVID HERNANDEZ','100',NULL),('804UXDM5M890','EC030010','MONITOR LG','FLATRON',NULL,'PAOLA SUAREZ','100',NULL),('804UXL53A416','EC030943','MONITOR LG','',NULL,'SERGIO CORREA','100',NULL),('804UXPH3104','EC030941','MONITOR LG','',NULL,'SERGIO CORREA','100',NULL),('804UXUN3E974','EC031468','MONITOR LG','L17345',NULL,'SERGIO SARMIENTO','104',NULL),('804VXMT3P051','EC032401','MONITOR LG','FLATRON LIZ345',NULL,'LUIS FERNANDO DE LOS RIOS','140',NULL),('804VXVVV3G055','EC030928','MONITOR LG','',NULL,'SERGIO CORREA','100',NULL),('806UXNU2R191','EC031516','MONITOR LG','W19345-BN',NULL,'MARTHA LUCIA MOSQUERA','140',NULL),('8071NQ2YV492','EC032396','MONITOR LG','FLATRON',NULL,'ANA MARIA GOMEZ','137',NULL),('807INNG2W575','EC030919','MONITOR LG','FLATRON',NULL,'JOHAN ANDRES GALEANO','100',NULL),('810QXDMO9338','EC030876','MONITOR LG','',NULL,'CESAR AUGUSTO LOPEZ','125',NULL),('810UXXDQA157','EC030029','MONITOR LG','',NULL,'YENNIFER RODRIGUEZ','110',NULL),('8240DMG','EC031472','MONITOR HP','QK744A',NULL,'VALENTIN VEGA','141',NULL),('82722','EC040464','CPU HG','',NULL,'MARTHA LUCIA MOSQUERA','140',NULL),('83867HA014816','EC031464','MONITOR AOC','1M760',NULL,'AGUSTIN JOSE GONZALEZ','106',NULL),('83867HA015419','EC031463','MONITOR SURE','LM760',NULL,'NARLY GALINDO CASTAÑEDA','107',NULL),('83867HA035847','EC030039','MONITOR AOC','',NULL,'LUISA FERNANDA OVALLE','100',NULL),('8APABOBHH2R3J8','EC051482','TECLADO COMPAQ','PR.1101',NULL,'FRANCISCO JARAMILLO','102',NULL),('8DY404893','EC061535','IMPRESORA EPSON ','LX-300',NULL,'ARMANDO MARIN ','150',NULL),('9071NYD2V998','EC030863','MONITOR LG','FLATRON',NULL,'GABRIEL RAMIREZ','127',NULL),('9071RKHW525','EC030467','MONITOR LG ','FLATRON W1642S',NULL,'NASLY KATERINE HERNANDEZ','157',NULL),('9110301429','EC070443','UPS NICOMAR','',NULL,'JAIRO ALONSO MOTATO','152',NULL),('9166CC17001026','EC031467','MONITOR NOC','177SA-1',NULL,'SERGIO SARMIENTO','104',NULL),('9166CCA001014','EC031493','MONITOR AOC','177SA',NULL,'ARMANDO MARIN ','150',NULL),('9166CCA002027','EC030869','MONITOR NOC','',NULL,'JAVIER ARANGO CARVAJAL','125',NULL),('92969CA010022','EC030458','MONITOR NOC LM742','',NULL,'HUGO MORALES CASTAÑEDA','109',NULL),('93869CA004101','EC031497','MONITOR NOC ','LM-742',NULL,'ROSA CAUSIL ','142',NULL),('9C040558C','EC020213','COMPUTADOR PORTATIL TOSHIBA','SATELITE C845D',NULL,'ALEJANDRO ALVAREZ','100',NULL),('9C042206C','EC020907','COMPUTADOR PORTATIL TOSHIBA','SATELITE C845D',NULL,'ALEJANDRO ALVAREZ','100',NULL),('9TDXMS2','EC020483','COMPUTADOR PORTATIL DELL','INSPIRON 14',NULL,'JULIAN GUTIERREZ','100',NULL),('9WHB7-TKTH6-T748H','EC020885','COMPUTADOR PORTATIL COMPAQ','',NULL,'GABRIEL RAMIREZ','127',NULL),('A75Y094151','EC061216','IMPRESORA EPSON','LX-350',NULL,'SIN ASIGNAR','156',NULL),('AAGFA9A002989','EC033566','MONITOR AOC','',NULL,'MARIBEL RINCON','100',NULL),('AAGFA9A004877','EC033565','MONITOR AOC','',NULL,'JENNIFER GOMEZ','100',NULL),('AAGFA9A004908','EC033564','MONITOR AOC','',NULL,'LUIS ONIEL MURILLO','100',NULL),('AAGFA9A004911','EC033016','MONITOR AOC','',NULL,'YESSICA LOAZA','100',NULL),('ACE1201NZ8','EC040842','CPU COMPAQ','CQ1000',NULL,'SERGIO CORREA','100',NULL),('AJ011259000010','EC041308','CPU NO REGISTRA','',NULL,'JAIRO ALONSO MOTATO','152',NULL),('AJ2003665000011','EC040827','CPU SENTEY','',NULL,'ROSARIO VALENCIA CHAVEZ','100',NULL),('B03NDVNE2967','EC032390','MONITOR LG','FLATRON',NULL,'ESTHER JAZMIN ZAPATA','110',NULL),('B22040989322','EC020149','COMPUTADOR PORTATIL QBEX','',NULL,'SERGIO CORREA','100',NULL),('B22040989343','EC020146','COMPUTADOR PORTATIL QBEX','',NULL,'SERGIO CORREA','100',NULL),('B2240989322','EC020147','COMPUTADOR PORTATIL COMPAQ','PRESARIO',NULL,'ALEXA GRISALES','100',NULL),('B6PCCTKCPPJKP2CT6626J302K','EC040826','CPU THINK CENTER','',NULL,'NATALIA CAMARGO','100',NULL),('B914201','EC030459','MONITOR ACER','V196',NULL,'ARAMITA RAMIREZ','111',NULL),('B93ABOAVBS5LZ1','EC053069','TECLADO HP','KB-0316',NULL,'JEYBE CARDONA','130',NULL),('B9CCBP2481445','EC041464','CPU LG','2009',NULL,'AGUSTIN JOSE GONZALEZ','106',NULL),('BA68-087G34-T1','EC020903','COMPUTADOR PORTATIL SAMSUNG','',NULL,'SERGIO CORREA','100',NULL),('BAPA0BHH0W232','EC050028','TECLADO COMPAQ','',NULL,'ANGELA MARIA ZAPATA','100',NULL),('BAPAB0AHHOL1C9','EC050030','TECLADO COMPAQ','',NULL,'YENNIFER RODRIGUEZ','110',NULL),('BAPAB0CCP2W0Y0','EC051246','TECLADO COMPAQ','',NULL,'ALEXANDER ALVAREZ','100',NULL),('BAPAB0CCP2W560','EC050841','TECLADO COMPAQ','',NULL,'LEIDY VIVIANA LEON','100',NULL),('BAPAB0CCP2Y16W','EC050010','TECLADO COMPAQ','',NULL,'PAOLA SUAREZ','100',NULL),('BAPABOCCP2W1TK','EC050007','TECLADO COMPAQ','',NULL,'LINA MARCELA ALZATE','100',NULL),('BAPABOCCP2Y2B5','EC050860','TECLADO COMPAQ','',NULL,'JHON JAIRO SANCHEZ','100',NULL),('BAUVT0BHH1P2AK','EC050006','TECLADO HP','',NULL,'MARIO LEON RESTREPO','100',NULL),('BAUVT0BHH1P2B9','EC050021','TECLADO HP','',NULL,'ANDRES GIRON','100',NULL),('BAUVT0BHH1X7IC','EC050014','TECLADO HP','',NULL,'NATALIA JARAMILLO','100',NULL),('BAUVT0BHH1X7PG','EC050012','TECLADO HP','',NULL,'CLAUDIA MILENA SOTO','100',NULL),('BAUVTOBHH1X701','EC050843','TECLADO HP','',NULL,'LEIDY JOHANA OSORIO','100',NULL),('BAWTOBHH2X701','EC050475','TECLADO HP','',NULL,'JAIRO ALONSO MOTATO','152',NULL),('BBWYROBVB4C2','EC050834','TECLADO HP','',NULL,'YENNY BEDOYA','100',NULL),('BC337066AWK081','EC050990','TECLADO HP','',NULL,'SERGIO CORREA','100',NULL),('BC33706BBWJ597','EC050461','TECLADO HP','KB-0316',NULL,'NILSON RIVEROS','111',NULL),('BC33706VBWJ58W','EC050988','TECLADO HP','',NULL,'SERGIO CORREA','100',NULL),('BC33706VBWT8NR','EC051005','TECLADO HP','',NULL,'SERGIO CORREA','100',NULL),('BC33706VBWT8PD','EC051006','TECLADO HP','',NULL,'SERGIO CORREA','100',NULL),('BC33706VBWT91J','EC051355','TECLADO HP','KBO136',NULL,'JENY ALEJANDRA TEJADA','133',NULL),('BC3370GGAWK099','EC051500','TECLADO HP','',NULL,'ZULEMA VERBEL ','154',NULL),('BC3370GVBW180I','EC050455','TECLADO HP','KB-0316',NULL,'LUZ ANGELA ROMERO','144',NULL),('BC3370GVBWJ5FG','EC050456','TECLADO HP','KB-0316',NULL,'SANDRA RODRIGUEZ','109',NULL),('BC3370GVBWT802','EC052395','TECLADO HP','',NULL,'HAILTON WILFREDO GOMEZ','116',NULL),('BC337AGVBWT91W','EC051516','TECLADO HP','',NULL,'MARTHA LUCIA MOSQUERA','140',NULL),('BC37200FVBX600X','EC050039','TECLADO HP','',NULL,'LUISA FERNANDA OVALLE','100',NULL),('BC3720DVBX6251','EC051467','TECLADO HP','KU-0316',NULL,'SERGIO SARMIENTO','104',NULL),('BC3720EVBX6051','EC051487','TECLADO HP','KUO316',NULL,'ZULEMA VERBEL ','154',NULL),('BC3720EVBX606F','EC051488','TECLADO HP','KU-0316',NULL,'YESSICA BERRIO','105',NULL),('BC3720EVBX60HO','EC050443','TECLADO HP','Q-0316',NULL,'OLGA ROCIO HUERTAS','155',NULL),('BC3720FVBX600I','EC051362','TECLADO HP','',NULL,'MARTHA RIVERO','103',NULL),('BC3720FVBX605W','EC051473','TECLADO HP','KU0316',NULL,'LILIANA SALCEDO','141',NULL),('BC3720FVBX606K','EC053520','TECLADO HP','',NULL,'NANCY BURBANO','',NULL),('BC3720FVBX60FW','EC052387','TECLADO HP','',NULL,'JHON JEIVERN GONZALES','123',NULL),('BC3720FVBX62LD','EC050470','TECLADO HP','',NULL,'ANDERSON BALLESTEROS','113',NULL),('BC3720FVBX62M2','EC050871','TECLADO HP','',NULL,'MARIA VICTORIA BUITRAGO','124',NULL),('BC3720FVBX62MQ','EC050022','TECLADO HP','',NULL,'ALEJANDRA DELGADO','100',NULL),('BC3720FVBX62MS','EC051361','TECLADO HP','',NULL,'MARY LUZ NIÑO','155',NULL),('BC3720FVBX62MV','EC050991','TECLADO HP','',NULL,'SERGIO CORREA','100',NULL),('BC3720FVBX69GP','EC053140','TECLADO HP','',NULL,'MARIA ELENA SANCHEZ','',NULL),('BC3720FVBX6OMO','EC050015','TECLADO HP','',NULL,'ANDRES GIRON','100',NULL),('BC3720FVBXG0GO','EC050013','TECLADO HP','',NULL,'ELIZABETH CASTRO','100',NULL),('BC3720VBX620L','EC050449','TECLADO HP','KU-0316',NULL,'ALEXANDRA GUARIN','115',NULL),('BC372DFVBX62ND','EC050822','TECLADO HP','',NULL,'JUAN DAVID HERNANDEZ','100',NULL),('BC372OFVBX6041','EC052399','TECLADO HP','',NULL,'SANDRA PATRICIA CASTILLO','158',NULL),('BC372OFVBX604Q','EC051511','TECLADO HP','',NULL,'ADRIANO BURITICA','135',NULL),('BC372OFVBX604T','EC053018','TECLADO HP','',NULL,'GLORIA ELCY GIRALDO','135',NULL),('BC372OFVBX62RU','EC052393','TECLADO HP','',NULL,'ERIKA MARIA MENDEZ','116',NULL),('BCXST0ACP4H83D','EC050997','TECLADO HP','',NULL,'OSCAR CALDERON','100',NULL),('BCYSTOACD5TP3R','EC051501','TECLADO HP','',NULL,'BRYAN CASTAÑEDA','100',NULL),('BD4HE0CGA6N0O5','EC050864','TECLADO HP','',NULL,'ALEJANDRO ALVAREZ','100',NULL),('BDMHE0CCP6OAHT','EC050023','TECLADO HP','',NULL,'DANIELA GARCIA','100',NULL),('BDMHE0CGA6M80V','EC051243','TECLADO HP','',NULL,'JERSON JIMENEZ','100',NULL),('BDMHE0CGA6M8NV','EC050005','TECLADO HP','',NULL,'JESSICA VANESSA GUZMAN','100',NULL),('BDMHE0CGA6MBF2','EC050020','TECLADO HP','',NULL,'EDUARD ALEXANDER LADINO','100',NULL),('BDMHEOC6A6MBF5','EC050828','TECLADO HP','',NULL,'MARY LUZ CAÑAS','100',NULL),('BDMHEOC6AMB61','EC050833','TECLADO HP','',NULL,'GLORIA LUCIA RAMIREZ','100',NULL),('BDMHEOCGA6MB60','EC051248','TECLADO HP','',NULL,'BEATRIZ ELENA CARMONA','100',NULL),('BDMMEOCCPGOAHX','EC050836','TECLADO HP','',NULL,'SANDRA DUQUE','100',NULL),('BL3720FVBX6011','EC050460','TECLADO HP','',NULL,'CESAR EDUARDO CHIRIVI','111',NULL),('BOBO60A3975507','EC050870','TECLADO COMPAQ','',NULL,'JAIRO ESPINOSA VALENCIA','125',NULL),('BOBO60A39F00W9','EC050980','TECLADO COMPAQ','',NULL,'SERGIO CORREA','100',NULL),('BPMHF0CGAGMBF8','EC050823','TECLADO HP','',NULL,'JUAN CARLOS GIRALDO','100',NULL),('C06Y015518','EC062570','IMPRESORA EPSON','LX-300+II',NULL,'ANA MARIA GOMEZ','137',NULL),('C078201031','EC040835','CPU POWER','',NULL,'LUISA SANCHEZ','100',NULL),('C3PVT-MY9B6-TTMX3-DGCRY','EC041463','CPU DELL','OKMY3G',NULL,'NARLY GALINDO CASTAÑEDA','107',NULL),('C64000009L019807061','EC060945','IMPRESORA EPSON','LX-300+II',NULL,'CESAR AUGUSTO LOPEZ','125',NULL),('C64031000L031414260','EC060944','IMPRESORA EPSON','LX-300+II',NULL,'JAIRO ESPINOSA','125',NULL),('CDUY202179','EC060970','IMPRESORA EPSON','LX-300+II',NULL,'SERGIO CORREA','100',NULL),('CHC944PPGN','EC030461','MONITOR COMPAQ','CQ 1569',NULL,'NILSON RIVEROS','111',NULL),('CIUQ44PPB6','EC031475','MONITOR COMPAQ','',NULL,'LUTY MARTINEZ ','108',NULL),('CM4131V3Y','EC030864','MONITOR HP','',NULL,'ALEJANDRO ALVAREZ','100',NULL),('CMF1183DFM','EC020909','COMPUTADOR PORTATIL HP','PAVILON',NULL,'JUAN CARLOS MARULANDA','125',NULL),('CN-08X120V-72872-1AV-KCUM','EC030855','MONITOR DELL','',NULL,'RUBEN DARIO GOMEZ','100',NULL),('CN-0C300H-64180-13GIZYL','EC031460','MONITOR DELL','REV A02',NULL,'LUCIA SARMIENTO','107',NULL),('CN-0W473D-44751','EC050009','TECLADO DELL','',NULL,'JHON STIVEN MESA','100',NULL),('CN-0Y527K-71616-13P-00SJ','EC051463','TECLADO DELL','KS8185',NULL,'NARLY GALINDO CASTAÑEDA','107',NULL),('CN-DU473D-44751-162-01EQ-AD2','EC050839','TECLADO DELL','',NULL,'MARIA BIBIANA GALEANO','100',NULL),('CN-O8X120-72872-1AV-KCMM','EC030838','MONITOR DELL','',NULL,'FREDY ARMANDO SANABRIA','100',NULL),('CN-OBXRCV-72872-1AV-K3CM','EC030473','MONITOR DELL','',NULL,'JAMIR TRUJILLO','114',NULL),('CN-ON300H-64180-136-1ZNN','EC030003','MONITOR DELL','',NULL,'PAOLA CORTES','100',NULL),('CN-ONO1VP-64180-130-1128','EC030025','MONITOR DELL','',NULL,'FELIX HAMMER CHAVERRA','100',NULL),('CN-OU473D-44751-1AT-00AQ-A02','EC050859','TECLADO DELL','',NULL,'CARLOS FELIPE AGUIRRE','100',NULL),('CN-OU473D-44751-1AT-00EH-A02','EC050476','TECLADO DELL','',NULL,'JAMIR TRUJILLO','114',NULL),('CN-OUA473D-44751-14T-008F-A02','EC050838','TECLADO DELL','',NULL,'FREDY ARMANDO SANABRIA','100',NULL),('CN-OY527K-71616','EC050017','TECLADO DELL','',NULL,'LEIDY TATIANA CORREA','100',NULL),('CN.ON 300H-64180-136-125L','EC031462','MONITOR DELL','',NULL,'DIDIER CAMILO PEÑA','155',NULL),('CN0N01BP6418013U12AB','EC030013','MONITOR DELL','',NULL,'ELIZABETH CASTRO','100',NULL),('CN0N01VP-64180-13U120B','EC030002','MONITOR DELL','',NULL,'VANESA GALINDO','100',NULL),('CN0N01VP-6418013U125B','EC030016','MONITOR DELL','',NULL,'ERIKA MILENA LOZANO','158',NULL),('CN0N300641803CG1YUL','EC030019','MONITOR DELL','',NULL,'DANIELA GARCIA','100',NULL),('CN0N300H6418013G1Z3L','EC030017','MONITOR DELL','',NULL,'LEIDY TATIANA CORREA','100',NULL),('CN0U473D-44751','EC052404','TECLADO DELL','',NULL,'JORGE ELIECER LOPEZ','159',NULL),('CN1653C253','EC060966','IMPRESORA HP','DESKJET 3050',NULL,'SERGIO CORREA','100',NULL),('CN1713C27C','EC061263','IMPRESORA HP','',NULL,'DANIEL RIVERA','100',NULL),('CN19PP40','EC030449','MONITOR COMPAQ','HST2601A',NULL,'ALEXANDRA GUARIN','115',NULL),('CN3901789','EC062462','IMPRESORA KYOCERA','FS-1040',NULL,'ANA MARIA GOMEZ','137',NULL),('CN71616','EC051462','TECLADO DELL','SK8185',NULL,'HENRY MERCADO','138',NULL),('CN78E455D','EC063158','IMPRESORA Y SCANERS HP','F4180',NULL,'BILMAIRA CARABALLO HERRERA','',NULL),('CN94F152BY','EC060964','IMPRESORA HP','F2280',NULL,'SERGIO CORREA','100',NULL),('CN9ABBQOSP','EC060953','IMPRESORA HP','F4480',NULL,'SERGIO CORREA','100',NULL),('CN9AGBQ0XG','EC060159','SCANNER HP','54480',NULL,'NATALIA RODRIGUEZ','100',NULL),('CNB1116822','EC060962','IMPRESORA HP','P2014',NULL,'SERGIO CORREA','100',NULL),('CNC019NNQ4','EC031245','MONITOR COMPAQ','',NULL,'LUCIA SARMIENTO','107',NULL),('CNC019NNQ8','EC031502','MONITOR COMPAQ','S1922',NULL,'DANIEL RIVERA','100',NULL),('CNC019NNX5','EC031507','MONITOR ','',NULL,'DANIEL RIVERA','100',NULL),('CNC019NR3H','EC033138','MONITOR COMPAQ','S1922',NULL,'BILMAIRA CARABALLO HERRERA','',NULL),('CNC03147T7','EC020715','COMPUTADOR PORTATIL COMPAQ','MINI',NULL,'SERGIO CORREA','100',NULL),('CNC113PB19','EC030008','MONITOR COMPAQ','',NULL,'DIANA PAOLA CORTES','100',NULL),('CNC117QTPQ ','EC030932','MONITOR COMPAQ','S19229',NULL,'SERGIO CORREA','100',NULL),('CNC118PM30','EC030923','MONITOR COMPAQ','S19229',NULL,'INGRID TATIANA CASTRO','120',NULL),('CNC118PM36','EC030939','MONITOR COMPAQ','',NULL,'SERGIO CORREA','100',NULL),('CNC118PM3N ','EC030922','MONITOR COMPAQ','S19229',NULL,'LUCIA SARMIENTO','107',NULL),('CNC118PMCP','EC030924','MONITOR COMPAQ','S19229',NULL,'SERGIO CORREA','100',NULL),('CNC118PMP9','EC030853','MONITOR COMPAQ','',NULL,'JHON JEIVER GONZALES','123',NULL),('CNC1400QJNB','EC032395','MONITOR COMPAQ','',NULL,'HAILTON WILFREDO GOMEZ','116',NULL),('CNC140QCNY','EC031251','MONITOR COMPAQ','',NULL,'ALEJANDRO LOPEZ','100',NULL),('CNC140QJJ9','EC030061','MONITOR COMPAQ','',NULL,'MICHELLE CALPA','100',NULL),('CNC140QNLQ','EC030861','MONITOR COMPAQ','',NULL,'JHONNY FLOREZ','100',NULL),('CNC20251X4','EC030014','MONITOR HP','',NULL,'NATALIA JARAMILLO','100',NULL),('CNC202520T','EC030018','MONITOR HP','',NULL,'SERGIO CORREA','100',NULL),('CNC202521203521','EC030839','MONITOR HP','',NULL,'MARIA BIBIANA GALEANO','100',NULL),('CNC202521F','EC030834','MONITOR HP','',NULL,'YENNY BEDOYA','100',NULL),('CNC202521X','EC030457','MONITOR HP','51933',NULL,'HUGO MORALES CASTAÑEDA','109',NULL),('CNC202526T','EC030021','MONITOR HP','',NULL,'ANDRES GIRON','100',NULL),('CNC2025989','EC030843','MONITOR HP','HP51933',NULL,'LEIDY JOHANA OSORIO','100',NULL),('CNC202826C','EC030857','MONITOR HP','',NULL,'CIPRIANA RIVERA','127',NULL),('CNC494PP64','EC032399','MONITOR COMPAQ','',NULL,'SANDRA PATRICIA CASTILLO','158',NULL),('CNC730CNNL','EC031491','MONITOR COMPAQ ','CNC',NULL,'ANDRES PRADO','102',NULL),('CNC730QP2F','EC030466','MONITOR COMPAQ','CQ1569',NULL,'SAMUEL CASTRILLON','133',NULL),('CNC730QPP2','EC030448','MONITOR COMPAQ','WI7G',NULL,'ROSA ADELA GOMEZ','112',NULL),('CNC838024.1','EC031483','MONITOR HP','11506',NULL,'MARTHA RIVERO','103',NULL),('CNC838Q250','EC031356','MONITOR HP','LX-06',NULL,'CESAR NARANJO','133',NULL),('CNC838QZXH','EC031474','MONITOR HP','L1506',NULL,'IRIS STELLA MARTINEZ','108',NULL),('CNC83QZRT','EC030479','MONITOR HP','CNC8',NULL,'ALONSO FERNEY RODRIGUEZ','157',NULL),('CNC9160059','EC031241','MONITOR HP','',NULL,'JORGE HENRIQUE','150',NULL),('CNC930QC5V','EC030469','MONITOR COMPAQ','Q1569',NULL,'CONSUELO MOJICA','157',NULL),('CNC944FPP2','EC030862','MONITOR COMPAQ','',NULL,'GABRIEL RAMIREZ','127',NULL),('CNC944GL','EC032388','MONITOR COMPAQ','',NULL,'ALEXANDER MESA','117',NULL),('CNC944PP6M','EC032398','MONITOR COMPAQ','DX2400',NULL,'ERIKA MILENA LOZANO','158',NULL),('CNC944PPB3','EC031469','MONITOR COMPAQ ','CQ-1569',NULL,'WILSON BENTHAM','138',NULL),('CNC944PPB7','EC031494','MONITOR COMPAQ ','CQ1569',NULL,'ARMANDO MARIN ','150',NULL),('CNC944PPB8','EC033017','MONITOR COMPAQ','CA1569',NULL,'MARCELA ARIAS','130',NULL),('CNC944PPB9','EC030460','MONITOR COMPAQ','CQ156A',NULL,'CESAR EDUARDO CHIRIVI','111',NULL),('CNC944PPBB','EC031466','MONITOR COMPAQ ','C11569',NULL,'NETY FONTALVO HERNANDEZ','104',NULL),('CNC944PPBC','EC032393','MONITOR COMPAQ','CQ1569',NULL,'ERIKA MARIA MENDEZ','116',NULL),('CNC944PPBD','EC031365','MONITOR COMPAQ','CQ1569',NULL,'MARTHA RIVERO','103',NULL),('CNC944PPGP','EC030926','MONITOR COMPAQ','CQ1569',NULL,'SERGIO CORREA','100',NULL),('CNC944PPGS','EC031498','MONITOR COMPAQ ','CQ1569',NULL,'ROSA CAUSIL ','142',NULL),('CNC944PPGV','EC031473','MONITOR COMPAQ ','CQ1569',NULL,'LILIANA SALCEDO','141',NULL),('CNC944PPGW','EC031492','MONITOR COMPAQ ','CQ1569',NULL,'VISIA MARIA PALOMINO','150',NULL),('CNC944PPK-S','EC031503','MONITOR COMPAQ','CQ1569',NULL,'DANIEL RIVERA','100',NULL),('CNC944PPKG','EC031470','MONITOR COMPAQ ','CQ1569',NULL,'ORLANDO ACOSTA PELAEZ ','138',NULL),('CNC944PPKM','EC030938','MONITOR COMPAQ','',NULL,'SERGIO CORREA','100',NULL),('CNC944PPKN','EC033140','MONITOR COMPAQ','CQ1569',NULL,'MARIA ELENA SANCHEZ','',NULL),('CNC944PPKR','EC031485','MONITOR COMPAQ ','CQ-1569',NULL,'ALVAREZ AVILA','153',NULL),('CNC944PPKW','EC031495','MONITOR COMPAQ ','CQ1569',NULL,'JORGE HERNANDEZ ','150',NULL),('CNC944PPMZ','EC031484','MONITOR COMPAQ ','CQ-1569',NULL,'CARLOS ALBERTO MARTINEZ ','153',NULL),('CNC944PPNG','EC031489','MONITOR COMPAQ','CQ1569',NULL,'JOSE GREGORIO ROJANO','105',NULL),('CNC944PPNZ','EC031500','MONITOR COMPAQ','',NULL,'ZULEMA VERBEL ','154',NULL),('CNC944PPP3','EC031479','MONITOR COMPAQ ','CQ1569',NULL,'LINA MADERA ','108',NULL),('CNC944PPP4','EC030451','MONITOR COMPAQ','CQ1569',NULL,'YENNY ANDREA VERANO','144',NULL),('CNC944PPP7','EC030445','MONITOR COMPAQ','CQ1569',NULL,'ESTEFANIA ARRIAGA','112',NULL),('CNC944PPP8','EC031465','MONITOR COMPAQ','CQ1569',NULL,'MARLY MARTINEZ BALLESTAS','106',NULL),('CNC944PPPB','EC031395','MONITOR COMPAQ','',NULL,'ANDERSON BALLESTEROS','113',NULL),('CNC944PPPH','EC030914','MONITOR COMPAQ','CQ1569',NULL,'MARY LUZ NIÑO','155',NULL),('CNC944PPPL','EC032385','MONITOR COMPAQ','',NULL,'GLORIA MILENA CACERES','140',NULL),('CNC944PPPS','EC031481','MONITOR COMPAQ ','CQ-1569',NULL,'ANGELA TORRES ','153',NULL),('CNC944PPRV','EC030470','MONITOR COMPAQ','CQ1569',NULL,'ANDERSON BALLESTEROS','113',NULL),('CNC944PPRW','EC031364','MONITOR COMPAQ','CQ1569',NULL,'SERGIO CORREA','100',NULL),('CNC944TPKLPPKL','EC030918','MONITOR COMPAQ','',NULL,'CARLOS FELIPE AGUIRRE','100',NULL),('CNCQ19NPQZ','EC031482','MONITOR COMPAQ','51922',NULL,'FRANCISCO JARAMILLO','102',NULL),('CND003CB44','EC030447','MONITOR COMPAQ','WI854',NULL,'DIEGO ARMANDO GONZALEZ','155',NULL),('CND0090CX3','EC020880','COMPUTADOR PORTATIL COMPAQ','',NULL,'SERGIO CORREA','100',NULL),('CND0112TL7','EC023149','COMPUTADOR PORTATIL COMPAQ','CQ41',NULL,'TANIA ANGÉLICA MARQUEZ','',NULL),('CND52569RCS','EC020482','COMPUTADOR PORTATIL HP','HP 14',NULL,'SIN ASIGNAR','',NULL),('CND5259PB1','EC022489','COMPUTADOR PORTATIL HP','14r-215la',NULL,'NEISEN BAHAMON','160',NULL),('CND6259VTL','EC022248','COMPUTADOR PORTATIL HP','R215LA',NULL,'JERSON JIMENEZ','100',NULL),('CND82615XM','EC022247','COMPUTADOR PORTATIL QBEX','',NULL,'DANIEL RIVERA','100',NULL),('CND82615XS','EC020713','COMPUTADOR PORTATIL HP','',NULL,'DANIEL RIVERA','100',NULL),('CND91827KK','EC020717','COMPUTADOR PORTATIL COMPAQ','PRESARIO CQ40',NULL,'CARLOS ENRIQUE MONTOYA','100',NULL),('CND937J7L','EC023262','COMPUTADOR PORTATIL COMPAQ','PRESARIO',NULL,'DIANA ALEJANDRA DIAZ','',NULL),('CND94524NF (SIN BATERIA)','EC020901','COMPUTADOR PORTATIL COMPAQ','',NULL,'SERGIO CORREA','100',NULL),('CNE4792013549','EC052386','TECLADO GENIUS','',NULL,'ASTRID CAROLINA OLARTE','114',NULL),('CNEB090NYZ','EC020661','COMPUTADOR PORTATIL COMPAQ','',NULL,'DANIEL RIVERA','100',NULL),('CNF03868B8','EC020906','COMPUTADOR PORTATIL HP','PAVILON',NULL,'ALEJANDRO ALVAREZ','100',NULL),('CNF049G1G2','EC020896','COMPUTADOR PORTATIL COMPAQ','CQ-104LA',NULL,'SERGIO CORREA','100',NULL),('CNF7523P6Y','EC020714','COMPUTADOR PORTATIL HP','PAVILON DV-6000',NULL,'CARLOS ENRIQUE MONTOYA','100',NULL),('CNF80942BQ','EC020657','COMPUTADOR PORTATIL COMPAQ','',NULL,'DANIEL RIVERA','100',NULL),('CNF8390MKG','EC023030','COMPUTADOR PORTATIL Hp','DV5-1143LA',NULL,'JAMES PATIÑO','160',NULL),('CNF8390ML0','EC020878','COMPUTADOR PORTATIL HP','',NULL,'SERGIO CORREA','100',NULL),('CNF8390MZN','EC020881','COMPUTADOR PORTATIL HP','PAVILON',NULL,'SERGIO CORREA','100',NULL),('CNK8215RP','EC030475','MONITOR HP','W15E',NULL,'JAIRO ALONSO MOTATO','152',NULL),('CNO6H21NN7 (CARCAZA PARTIDA)','EC060958','IMPRESORA HP','1000',NULL,'SERGIO CORREA','100',NULL),('CNO8XR0V-728721AVKCGM','EC030027','MONITOR DELL','',NULL,'MARION ALVAREZ','100',NULL),('CNON01VPG4180-13U124B','EC032404','MONITOR DELL','',NULL,'JORGE ELIECER LOPEZ','159',NULL),('CNOU4730-4757','EC050869','TECLADO DELL','',NULL,'JAVIER ARANGO CARVAJAL','125',NULL),('CNOU473D-44751','EC050011','TECLADO DELL','',NULL,'JHON STIVEN MESA','100',NULL),('CNS944PPKP','EC030443','MONITOR COMPAQ','CQ1569',NULL,'OLGA ROCIO HUERTAS','155',NULL),('CNT003C73P','EC030842','MONITOR COMPAQ','',NULL,'HUGO FERNELY MORALES','109',NULL),('CNT003CBZ1','EC033069','MONITOR COMPAQ','WI85Q',NULL,'JEYBE CARDONA','130',NULL),('CNT033CC6T','EC030921','MONITOR COMPAQ','S19229',NULL,'SERGIO CORREA','100',NULL),('CNT931C904','EC030036','MONITOR COMPAQ','',NULL,'YURY SUAREZ','121',NULL),('CNT937C1Z5','EC033019','MONITOR COMPAQ','',NULL,'MILEYDI GIL','117',NULL),('CNT937C20G','EC030858','MONITOR COMPAQ','',NULL,'LUZ ANGELA ROMERO','144',NULL),('CNT937C20V','EC030920','MONITOR COMPAQ','W18SQ',NULL,'SERGIO CORREA','100',NULL),('CNT937CG20','EC031488','MONITOR COMPAQ','WI85Q',NULL,'YESSICA BERRIO','105',NULL),('CNU0093YS1','EC023029','COMPUTADOR PORTATIL compacq','HSTNN-170C',NULL,'JAMES PATIÑO','160',NULL),('CNX7350PYT','EC040452','CPU COMPAQ','SQ3102LA',NULL,'LUZ ANGELA ROMERO','144',NULL),('CNX8146BRK','EC040006','CPU COMPAQ','PRESARIO',NULL,'ANA MARIA GOMEZ','137',NULL),('CNX82602KP','EC043019','CPU COMPAQ','',NULL,'MILEYDI GIL','117',NULL),('CNX8260439','EC040022','CPU COMPAQ','SG33003LA',NULL,'ALEXANDER MESA','117',NULL),('CP2009092804','EC040463','CPU LG','550WP4',NULL,'DEGLI BARATO GUEVARA','111',NULL),('CW93949273','EC050858','TECLADO HP','',NULL,'LUZ ANGELA ROMERO','144',NULL),('D3275JA027504','EC031478','MONITOR NOC','',NULL,'IRIS STELLA MARTINEZ','108',NULL),('D3276JA057602','EC031490','MONITOR NOC','TET17UI',NULL,'JOSE GREGORIO ROJANO','105',NULL),('D3276JAO57937','EC030870','MONITOR NOC','',NULL,'JAIRO ESPINOSA VALENCIA','125',NULL),('DFEAEU33L00110M24ANTR','EC053022','TECLADO HP','u33',NULL,'JAMES PATIÑO','160',NULL),('DK05B1B07Y','EC050831','TECLADO ACER','',NULL,'LUZMAN ARISTIZABAL','100',NULL),('DT5W7AL0054390298B3000','EC040001','CPU ACER','',NULL,'BEATRIZ ELENA CARMONA','100',NULL),('DTSW7AL005439029933000','EC040851','CPU ACER','',NULL,'ANGELA ZAPATA VINASCO','100',NULL),('DTSW7AL005439029983000','EC040840','CPU ACER','NA',NULL,'ANA MILENA LOPEZ','100',NULL),('DTSW7AL005439029A03000','EC040831','CPU ACER','',NULL,'LUZMAN ARISTIZABAL','100',NULL),('DTSW7AL005439029AD3000','EC040848','CPU ACER','',NULL,'EDILTON CELIS MARIN','100',NULL),('DTSW7AL00543902A293000','EC041318','CPU ACER','AXC-603-RC30',NULL,'JUAN DAVID HERNANDEZ','100',NULL),('DTSW7AL00543902A493000','EC041317','CPU ACER','SPIRE',NULL,'DANIEL RIVERA','100',NULL),('DTSW7AL0054439029943000','EC040846','CPU ACER','',NULL,'YULENY GALVIS','100',NULL),('DTSWAL005439029AF300','EC041359','CPU ACER','ASPIRE',NULL,'LUZMAN ARISTIZABAL','100',NULL),('E14111200908','EC071582','UPS NICOMAR','',NULL,'ANA MARIA GOMEZ','137',NULL),('E2CW287','EC041294','CPU IBM','SYSTEM X3650MJ (SERVIDOR)',NULL,'SERGIO CORREA','100',NULL),('EC011096','EC011096','ESCRITORIO NA','NA',NULL,'NASLY KATERINE HERNANDEZ','157',NULL),('EC020486','EC020486','COMPUTADOR PORTATIL ','',NULL,'FRANCISCO JAVIER BENITEZ','159',NULL),('EC020660','EC020660','COMPUTADOR PORTATIL HP','',NULL,'DANIEL RIVERA','100',NULL),('EC020893','EC020893','COMPUTADOR PORTATIL COMPAQ','TODO EN UNO',NULL,'SERGIO CORREA','100',NULL),('EC021381','EC021381','COMPUTADOR PORTATIL COMPAQ','',NULL,'SERGIO CORREA','100',NULL),('EC021391','EC021391','COMPUTADOR PORTATIL COMPAQ','TODO EN UNO',NULL,'JORGE MIGUEL GUARIN','120',NULL),('EC022250','EC022250','COMPUTADOR PORTATIL LENOVO','',NULL,'DANIEL RIVERA','100',NULL),('EC022253','EC022253','COMPUTADOR PORTATIL ','',NULL,'','',NULL),('EC022254','EC022254','COMPUTADOR PORTATIL HP','',NULL,'DANIEL RIVERA','100',NULL),('EC022484','EC022484','COMPUTADOR PORTATIL TOSHIBA','',NULL,'JAIRO MARIN','160',NULL),('EC022485','EC022485','COMPUTADOR PORTATIL SAMSUNG','SERIE 5',NULL,'MONICA MEDINA','160',NULL),('EC022486','EC022486','COMPUTADOR PORTATIL LENOVO','THINKPAD',NULL,'ALEJANDRO GOMEZ','160',NULL),('EC022487','EC022487','COMPUTADOR PORTATIL ','',NULL,'CLAUDIA SINISTERRA','160',NULL),('EC022488','EC022488','COMPUTADOR PORTATIL ACER','',NULL,'JAMES PATIÑO','160',NULL),('EC022490','EC022490','COMPUTADOR PORTATIL HP','',NULL,'ISABEL DELGADILLO','160',NULL),('EC022492','EC022492','COMPUTADOR PORTATIL LENOVO','IDEAPAD',NULL,'FERNANDO MONTERO','160',NULL),('EC022635','EC022635','COMPUTADOR PORTATIL HP','',NULL,'DAYANA BETANCURT','160',NULL),('EC022636','EC022636','COMPUTADOR PORTATIL LG','',NULL,'NAZLY GOMEZ','160',NULL),('EC022741','EC022741','COMPUTADOR PORTATIL HP','GEFORCE',NULL,'RAUL ANGEL','160',NULL),('EC022742','EC022742','COMPUTADOR PORTATIL HP','',NULL,'JEIMY BABATIVA','160',NULL),('EC022743','EC022743','COMPUTADOR PORTATIL COMPAQ','',NULL,'STELLA ROMERO','160',NULL),('EC022745','EC022745','COMPUTADOR PORTATIL SAMSUNG','SERIE 5',NULL,'MARIA FERNANDA SANCHEZ','160',NULL),('EC022746','EC022746','COMPUTADOR PORTATIL HP','HP 14',NULL,'JULIANA GOMEZ','160',NULL),('EC022748','EC022748','COMPUTADOR PORTATIL COMPAQ','PRESARIO CQ43',NULL,'CARLOS REYNALDO GUAYARA','160',NULL),('EC022749','EC022749','COMPUTADOR PORTATIL LENOVO','THINKPAD',NULL,'ANDRES SOLANO','160',NULL),('EC022750','EC022750','COMPUTADOR PORTATIL HP','MINI',NULL,'JOSE MOISES GONZALES','160',NULL),('EC023043','EC023043','COMPUTADOR PORTATIL COMPAQ ','CQ43-417 LA',NULL,'LEONARDO POVEDA','160',NULL),('EC023147','EC023147','COMPUTADOR PORTATIL ','',NULL,'','',NULL),('EC023148','EC023148','COMPUTADOR PORTATIL ','',NULL,'','',NULL),('EC023437','EC023437','PORTATIL ','',NULL,'','',NULL),('EC023438','EC023438','PORTATIL ','',NULL,'','',NULL),('EC023439','EC023439','PORTATIL ','',NULL,'','',NULL),('EC023496','EC023496','COMPUTADOR PORTATIL HP','',NULL,'STELLA ROMERO','',NULL),('EC023548','EC023548','COMPUTADOR PORTATIL ','',NULL,'','',NULL),('EC023549','EC023549','COMPUTADOR PORTATIL ','',NULL,'','100',NULL),('EC023550','EC023550','COMPUTADOR PORTATIL ','',NULL,'','100',NULL),('EC023552','EC023552','COMPUTADOR PORTATIL ','',NULL,'','100',NULL),('EC023553','EC023553','COMPUTADOR PORTATIL ','',NULL,'','100',NULL),('EC023555','EC023555','COMPUTADOR PORTATIL ','',NULL,'','',NULL),('EC023556','EC023556','COMPUTADOR PORTATIL ','',NULL,'','',NULL),('EC023584','EC023584','COMPUTADOR PORTATIL ','',NULL,'','',NULL),('EC030064','EC030064','MONITOR SAMSUNG','',NULL,'SERGIO CORREA','100',NULL),('EC030455','EC030455','MONITOR SAMSUNG','',NULL,'LUZ ANGELA ROMERO','144',NULL),('EC030851','EC030851','MONITOR ACER','',NULL,'ANGELA MARIA ZAPATA','100',NULL),('EC030910','EC030910','MONITOR ','',NULL,'','',NULL),('EC030929','EC030929','MONITOR SAMSUNG','CONVENCIONAL',NULL,'SERGIO CORREA','100',NULL),('EC030930','EC030930','MONITOR LG','CONVENCIONAL',NULL,'SERGIO CORREA','100',NULL),('EC030931','EC030931','MONITOR HP','CONVENCIONAL',NULL,'SERGIO CORREA','100',NULL),('EC030935','EC030935','MONITOR LG','CONVENCIONAL',NULL,'SERGIO CORREA','100',NULL),('EC030936','EC030936','MONITOR SAMSUNG','CONVENCIONAL',NULL,'SERGIO CORREA','100',NULL),('EC030937','EC030937','MONITOR COMPAQ','CQ1569',NULL,'SERGIO CORREA','100',NULL),('EC030940','EC030940','MONITOR SAMSUNG','CONVENCIONAL',NULL,'SERGIO CORREA','100',NULL),('EC031366','EC031366','MONITOR LG','',NULL,'CRISTOBAL LEMUS','',NULL),('EC031477','EC031477','MONITOR ','',NULL,'','',NULL),('EC031499','EC031499','MONITOR COMPAQ ','W-1952',NULL,'GUSTAVO RAMOS RUIZ ','142',NULL),('EC031517','EC031517','MONITOR ','',NULL,'','',NULL),('EC032494','EC032494','MONITOR HP','',NULL,'BLANCA VALERO','160',NULL),('EC032495','EC032495','MONITOR JANUS','',NULL,'ANA ISABEL IBAÑEZ','160',NULL),('EC032496','EC032496','MONITOR ','',NULL,'INGRID RIVERA','160',NULL),('EC032497','EC032497','MONITOR ACER','',NULL,'NASLY GOMEZ','160',NULL),('EC032498','EC032498','MONITOR SAMSUNG','8000-1',NULL,'ESTEFANIA BAHAMON','160',NULL),('EC032499','EC032499','MONITOR SAMSUNG','',NULL,'ADRIANA CASTAÑEDA','160',NULL),('EC032500','EC032500','MONITOR COMPAQ','',NULL,'ANA MARIA AGUILAR','160',NULL),('EC032501','EC032501','MONITOR SAMSUNG','',NULL,'MARIA DEL PILAR MONTAÑO','160',NULL),('EC032502','EC032502','MONITOR JANUS','5MS',NULL,'ROBERTO ROZO','160',NULL),('EC032503','EC032503','MONITOR JANUS','',NULL,'HAROLD MORALES','160',NULL),('EC032504','EC032504','MONITOR HP','',NULL,'SIN ASIGNAR','160',NULL),('EC032505','EC032505','MONITOR JANUS','',NULL,'KAREN PEREZ','160',NULL),('EC032506','EC032506','MONITOR ACER','',NULL,'ANDREA DIAZ','160',NULL),('EC032507','EC032507','MONITOR JANUS','',NULL,'CARLOS MAURICIO DIAZ','160',NULL),('EC032508','EC032508','MONITOR ACER','',NULL,'NUBIA GONZALES','160',NULL),('EC032509','EC032509','MONITOR LENOVO','',NULL,'JORGE GARZON','160',NULL),('EC032510','EC032510','MONITOR JANUS','',NULL,'VIVIANA JAMAICA','160',NULL),('EC032511','EC032511','MONITOR LG','',NULL,'LIZETH CRISTINA LATORRE','160',NULL),('EC032512','EC032512','MONITOR JANUS','',NULL,'YEISON GERARDO MESA','160',NULL),('EC032513','EC032513','MONITOR AOC','',NULL,'YEISON GERARDO MESA','160',NULL),('EC032514','EC032514','MONITOR JANUS','5MS',NULL,'IVAN FELIPE RODRIGUEZ','160',NULL),('EC032515','EC032515','MONITOR AOC','',NULL,'JESSICA ARIZA','160',NULL),('EC032516','EC032516','MONITOR JANUS','5MS',NULL,'CAROLINA GOMEZ','160',NULL),('EC032517','EC032517','MONITOR AOC','',NULL,'JOSE MOISES GONZALES','160',NULL),('EC032518','EC032518','MONITOR JANUS','',NULL,'CRISTOBAL LEMUS','',NULL),('EC032519','EC032519','MONITOR ','',NULL,'VIVIANA FLOREZ','',NULL),('EC032520','EC032520','MONITOR ','',NULL,'JOSE VELASCO','',NULL),('EC032522','EC032522','MONITOR ','',NULL,'','',NULL),('EC032523','EC032523','MONITOR ','',NULL,'','',NULL),('EC032688','EC032688','MONITOR LG','FLATRON L 15505',NULL,'JAMES PATIÑO','160',NULL),('EC032719','EC032719','MONITOR SAMSUNG','',NULL,'JAMES PATIÑO','160',NULL),('EC032720','EC032720','MONITOR JANUS','',NULL,'NEISEN BAHAMON','160',NULL),('EC032725','EC032725','MONITOR SAMSUNG','',NULL,'CAMILO  GUIDO','160',NULL),('EC032726','EC032726','MONITOR JANUS','',NULL,'CAMILO  GUIDO','160',NULL),('EC033070','EC033070','MONITOR JANUS','',NULL,'JOSE GALLEGO ','100',NULL),('EC033071','EC033071','MONITOR ','',NULL,'','',NULL),('EC033143','EC033143','MONITOR ','',NULL,'','',NULL),('EC033522','EC033522','MONITOR ','',NULL,'','',NULL),('EC033523','EC033523','MONITOR ','',NULL,'','',NULL),('EC033524','EC033524','MONITOR ','',NULL,'','',NULL),('EC033525','EC033525','MONITOR ','',NULL,'','',NULL),('EC033526','EC033526','MONITOR ','',NULL,'','',NULL),('EC033527','EC033527','MONITOR ','',NULL,'','',NULL),('EC033528','EC033528','MONITOR ','',NULL,'','',NULL),('EC033604','EC033604','MONITOR ','',NULL,'','',NULL),('EC033605','EC033605','MONITOR ','',NULL,'','',NULL),('EC033606','EC033606','MONITOR ','',NULL,'','',NULL),('EC033607','EC033607','MONITOR ','',NULL,'','',NULL),('EC040454','EC040454','CPU NO REGISTRA','',NULL,'ADRIANA PINZON','144',NULL),('EC040466','EC040466','CPU CLON','',NULL,'SAMUEL CASTRILLON','133',NULL),('EC040470','EC040470','CPU SUPER POWER','',NULL,'ANDERSON BALLESTEROS','113',NULL),('EC040475','EC040475','CPU BYQ','',NULL,'JAIRO ALONSO MOTATO','152',NULL),('EC040823','EC040823','CPU ','',NULL,'','',NULL),('EC040844','EC040844','CPU POWER','',NULL,'LUZ ANGELA ROMERO','144',NULL),('EC040868','EC040868','CPU SURE','',NULL,'CAROL ADRIANA GOMEZ','125',NULL),('EC040871','EC040871','CPU EXON','',NULL,'JAVIER ARANGO CARVAJAL','124',NULL),('EC040874','EC040874','CPU CLON','',NULL,'JAVIER ARANGO CARVAJAL','124',NULL),('EC041295','EC041295','CPU DELL','POWER EDGE 710 (SERVIDOR)',NULL,'SERGIO CORREA','100',NULL),('EC041356','EC041356','CPU SURE','127926',NULL,'CESAR NARANJO','133',NULL),('EC041358','EC041358','CPU COMPUMAX','',NULL,'PIEDAD GARCIA','137',NULL),('EC041471','EC041471','CPU PHOENIX','',NULL,'INGRID TATIANA CASTRO','120',NULL),('EC041477','EC041477','CPU NO REGISTRA ','NO REGISTRA ',NULL,'RAMON ALVAREZ','108',NULL),('EC041503','EC041503','CPU PHOENIX','',NULL,'MAYRA ALEJANDRA FERRER','102',NULL),('EC041517','EC041517','CPU ','',NULL,'','',NULL),('EC041519','EC041519','CPU COMPUMAX','',NULL,'LUIS MIGUEL CASTAÑO','135',NULL),('EC042387','EC042387','CPU BYQ','',NULL,'JHON JEIVERN GONZALES','123',NULL),('EC042390','EC042390','CPU NO REGISTRA','',NULL,'ESTHER JAZMIN ZAPATA','110',NULL),('EC042393','EC042393','CPU NEXT','',NULL,'ANA VICTORIA BUITRAGO','124',NULL),('EC042397','EC042397','CPU CLON','',NULL,'MAURICIO BAZURDO','137',NULL),('EC042401','EC042401','CPU ','',NULL,'','',NULL),('EC042403','EC042403','CPU NO REGISTRA','',NULL,'MIGUEL ANGEL MOYA','159',NULL),('EC042494','EC042494','CPU JANUS','',NULL,'BLANCA VALERO','160',NULL),('EC042495','EC042495','CPU JANUS','',NULL,'ANA ISABEL IBAÑEZ','160',NULL),('EC042496','EC042496','CPU NO REGISTRA','',NULL,'INGRID RIVERA','160',NULL),('EC042497','EC042497','CPU ACER','',NULL,'NASLY GOMEZ','160',NULL),('EC042498','EC042498','CPU JANUS','',NULL,'ESTEFANIA BAHAMON','160',NULL),('EC042499','EC042499','CPU JANUS','',NULL,'ADRIANA CASTAÑEDA','160',NULL),('EC042500','EC042500','CPU DELUXE','',NULL,'ANA MARIA AGUILAR','160',NULL),('EC042501','EC042501','CPU SP','',NULL,'MARIA DEL PILAR MONTAÑO','160',NULL),('EC042502','EC042502','CPU CLON','',NULL,'ROBERTO ROZO','160',NULL),('EC042503','EC042503','CPU JANUS','',NULL,'HAROLD MORALES','160',NULL),('EC042504','EC042504','CPU DELUXE','W1858',NULL,'SIN ASIGNAR','160',NULL),('EC042505','EC042505','CPU JANUS','',NULL,'KAREN PEREZ','160',NULL),('EC042506','EC042506','CPU JANUS','',NULL,'ANDREA DIAZ','160',NULL),('EC042507','EC042507','CPU SP','',NULL,'CARLOS MAURICIO DIAZ','160',NULL),('EC042508','EC042508','CPU JANUS','',NULL,'NUBIA GONZALES','160',NULL),('EC042509','EC042509','CPU NO REGISTRA','',NULL,'JORGE GARZON','160',NULL),('EC042510','EC042510','CPU JANUS','',NULL,'VIVIANA JAMAICA','160',NULL),('EC042511','EC042511','CPU JANUS','',NULL,'LIZETH CRISTINA LATORRE','160',NULL),('EC042512','EC042512','CPU JANUS','',NULL,'YEISON GERARDO MESA','160',NULL),('EC042513','EC042513','CPU JANUS','',NULL,'YEISON GERARDO MESA','160',NULL),('EC042514','EC042514','CPU SP','',NULL,'IVAN FELIPE RODRIGUEZ','160',NULL),('EC042515','EC042515','CPU HP','',NULL,'JESSICA ARIZA','160',NULL),('EC042516','EC042516','CPU DELUXE','',NULL,'CAROLINA GOMEZ','160',NULL),('EC042517','EC042517','CPU SENTEY','',NULL,'JOSE MOISES GONZALES','160',NULL),('EC042518','EC042518','CPU NO REGISTRA','',NULL,'CRISTOBAL LEMUS','',NULL),('EC042519','EC042519','CPU NO REGISTRA','',NULL,'VIVIANA FLOREZ','',NULL),('EC042520','EC042520','CPU NO REGISTRA','',NULL,'JOSE VELASCO','',NULL),('EC042688','EC042688','CPU JANUS','',NULL,'JAMES PATIÑO','160',NULL),('EC042689','EC042689','CPU HP','STORAGE WORKS DAT 160',NULL,'JAMES PATIÑO','160',NULL),('EC042690','EC042690','CPU HP','',NULL,'JAMES PATIÑO','160',NULL),('EC042727','EC042727','CPU JANUS','',NULL,'CAMILO  GUIDO','160',NULL),('EC043017','EC043017','CPU ','',NULL,'','',NULL),('EC043018','EC043018','CPU BYQ','',NULL,'GLORIA ELCY GIRALDO','135',NULL),('EC043031','EC043031','CPU super power ','NA',NULL,'JAMES PATIÑO','160',NULL),('EC043032','EC043032','CPU janus','NA',NULL,'JAMES PATIÑO','160',NULL),('EC043033','EC043033','CPU janus','NA',NULL,'JAMES PATIÑO','160',NULL),('EC043034','EC043034','CPU generico','NA',NULL,'JAMES PATIÑO','160',NULL),('EC043035','EC043035','CPU deulx','NA',NULL,'JAMES PATIÑO','160',NULL),('EC043069','EC043069','CPU ','',NULL,'','',NULL),('EC043141','EC043141','CPU JANUS','',NULL,'LAUDITH CAUSIL ESTRADA','',NULL),('EC043142','EC043142','CPU ','',NULL,'TANIA ANGÉLICA MARQUEZ','',NULL),('EC043143','EC043143','CPU ','',NULL,'','',NULL),('EC043519','EC043519','CPU JANUS','',NULL,'','',NULL),('EC043522','EC043522','CPU ','',NULL,'','',NULL),('EC043523','EC043523','CPU ','',NULL,'','',NULL),('EC043524','EC043524','CPU ','',NULL,'','',NULL),('EC043525','EC043525','CPU ','',NULL,'','',NULL),('EC043526','EC043526','CPU ','',NULL,'','',NULL),('EC043527','EC043527','CPU ','',NULL,'','',NULL),('EC043528','EC043528','CPU ','',NULL,'','',NULL),('EC043604','EC043604','CPU ','',NULL,'','',NULL),('EC043605','EC043605','CPU ','',NULL,'','',NULL),('EC043606','EC043606','CPU ','',NULL,'','',NULL),('EC043607','EC043607','CPU ','',NULL,'','',NULL),('EC050002','EC050002','TECLADO COMPAQ','',NULL,'VANESA GALINDO','100',NULL),('EC050034','EC050034','TECLADO COMPAQ','',NULL,'ARIS RAMIREZ','111',NULL),('EC050061','EC050061','TECLADO COMPUMAX','NA',NULL,'ANDRES FELIPE BERNIL','100',NULL),('EC050062','EC050062','TECLADO GENIUS','',NULL,'MICHELLE CALPA','100',NULL),('EC050452','EC050452','TECLADO SILA','',NULL,'LUZ ANGELA ROMERO','144',NULL),('EC050453','EC050453','TECLADO XIUS','',NULL,'FRANCISCO RODRIGUEZ','144',NULL),('EC050458','EC050458','TECLADO UNITEC','JYK-820',NULL,'HUGO MORALES CASTAÑEDA','109',NULL),('EC050472','EC050472','TECLADO HG','HGTEC-001',NULL,'CESAR NARANJO','133',NULL),('EC050837','EC050837','TECLADO COMPAQ','',NULL,'LEIDY JOHANA GRANADOS','100',NULL),('EC050873','EC050873','TECLADO ACER','',NULL,'JULIAN GUTIERREZ','100',NULL),('EC050875','EC050875','TECLADO GENIUS','',NULL,'CESAR AUGUSTO LOPEZ','125',NULL),('EC050876','EC050876','TECLADO GENIUS','',NULL,'CESAR AUGUSTO LOPEZ','125',NULL),('EC050983','EC050983','TECLADO XTECH','',NULL,'SERGIO CORREA','100',NULL),('EC050993','EC050993','TECLADO COMPUMAX','',NULL,'SERGIO CORREA','100',NULL),('EC050994','EC050994','TECLADO NEXT','',NULL,'SERGIO CORREA','100',NULL),('EC050997','EC050997','TECLADO HP','',NULL,'LEANDRO RAMIREZ','100',NULL),('EC051247','EC051247','TECLADO STARTEC','',NULL,'LUIS MURILLO','100',NULL),('EC051330','EC051330','TECLADO AVANT','',NULL,'SERGIO CORREA','100',NULL),('EC051354','EC051354','TECLADO COMPAQ','',NULL,'JORGE MIGUEL GUARIN','120',NULL),('EC051358','EC051358','TECLADO NEXT','',NULL,'PIEDAD GARCIA','137',NULL),('EC051395','EC051395','TECLADO UNITEC','',NULL,'LILIANA BEDOYA','125',NULL),('EC051461','EC051461','TECLADO HG','',NULL,'HENRY MERCADO','138',NULL),('EC051469','EC051469','TECLADO MEGA-TECH','S/N',NULL,'WILSON BENTHAM','138',NULL),('EC051471','EC051471','TECLADO ','S/M RIPP9',NULL,'LEDIS ARIAS ','141',NULL),('EC051481','EC051481','TECLADO ','',NULL,'ANGELA TORRES ','153',NULL),('EC051485','EC051485','TECLADO ESCANSES ','',NULL,'ALVAREZ AVILA','153',NULL),('EC051490','EC051490','TECLADO GENIUS','',NULL,'JOSE GREGORIO ROJANO','105',NULL),('EC051491','EC051491','TECLADO GENIUS ','',NULL,'ANDRES PRADO','102',NULL),('EC051502','EC051502','TECLADO DELUXE','',NULL,'SERGIO CORREA','100',NULL),('EC051505','EC051505','TECLADO SENTEY ','',NULL,'INGRID TATIANA CASTRO','120',NULL),('EC051517','EC051517','TECLADO ','',NULL,'','',NULL),('EC051519','EC051519','TECLADO COMPUMAX','',NULL,'LUIS MIGUEL CASTAÑO','135',NULL),('EC052384','EC052384','TECLADO HG','',NULL,'MARIA PIEDAD GARCIA','137',NULL),('EC052385','EC052385','TECLADO NO REGISTRA','',NULL,'GLORIA MILENA CACERES','140',NULL),('EC052388','EC052388','TECLADO COMPAQ','',NULL,'ALEXANDER MESA','117',NULL),('EC052389','EC052389','TECLADO NO REGISTRA','',NULL,'LUISA FERNANDA GONZALES','159',NULL),('EC052394','EC052394','TECLADO HG','',NULL,'EDNA JOHANA ORTIZ','140',NULL),('EC052400','EC052400','TECLADO GENIUS','',NULL,'JOHAN BRICEÑO','137',NULL),('EC052401','EC052401','TECLADO GENIUS','',NULL,'LUIS FERNANDO DE LOS RIOS','140',NULL),('EC052494','EC052494','TECLADO HP','',NULL,'BLANCA VALERO','160',NULL),('EC052495','EC052495','TECLADO JANUS','',NULL,'ANA ISABEL IBAÑEZ','160',NULL),('EC052496','EC052496','TECLADO ','',NULL,'INGRID RIVERA','160',NULL),('EC052497','EC052497','TECLADO ACER','',NULL,'NASLY GOMEZ','160',NULL),('EC052498','EC052498','TECLADO GENIUS','',NULL,'ESTEFANIA BAHAMON','160',NULL),('EC052499','EC052499','TECLADO GENIUS','',NULL,'ADRIANA CASTAÑEDA','160',NULL),('EC052500','EC052500','TECLADO HP','',NULL,'ANA MARIA AGUILAR','160',NULL),('EC052501','EC052501','TECLADO GENIUS','',NULL,'MARIA DEL PILAR MONTAÑO','160',NULL),('EC052502','EC052502','TECLADO GENIUS','',NULL,'ROBERTO ROZO','160',NULL),('EC052503','EC052503','TECLADO JANUS','',NULL,'HAROLD MORALES','160',NULL),('EC052504','EC052504','TECLADO JANUS','',NULL,'SIN ASIGNAR','160',NULL),('EC052505','EC052505','TECLADO GENIUS','',NULL,'KAREN PEREZ','160',NULL),('EC052506','EC052506','TECLADO JANUS','',NULL,'ANDREA DIAZ','160',NULL),('EC052507','EC052507','TECLADO GENIUS','',NULL,'CARLOS MAURICIO DIAZ','160',NULL),('EC052508','EC052508','TECLADO GENIUS','',NULL,'NUBIA GONZALES','160',NULL),('EC052509','EC052509','TECLADO LENOVO','',NULL,'JORGE GARZON','160',NULL),('EC052510','EC052510','TECLADO JANUS','',NULL,'VIVIANA JAMAICA','160',NULL),('EC052511','EC052511','TECLADO GENIUS','',NULL,'LIZETH CRISTINA LATORRE','160',NULL),('EC052512','EC052512','TECLADO GENIUS','',NULL,'YEISON GERARDO MESA','160',NULL),('EC052513','EC052513','TECLADO JANUS','',NULL,'YEISON GERARDO MESA','160',NULL),('EC052514','EC052514','TECLADO NO REGISTRA','',NULL,'IVAN FELIPE RODRIGUEZ','160',NULL),('EC052515','EC052515','TECLADO JANUS','',NULL,'JESSICA ARIZA','160',NULL),('EC052516','EC052516','TECLADO NO REGISTRA','',NULL,'CAROLINA GOMEZ','160',NULL),('EC052517','EC052517','TECLADO GENIUS','',NULL,'JOSE MOISES GONZALES','160',NULL),('EC052518','EC052518','TECLADO ','',NULL,'CRISTOBAL LEMUS','',NULL),('EC052519','EC052519','TECLADO ','',NULL,'VIVIANA FLOREZ','',NULL),('EC052520','EC052520','TECLADO ','',NULL,'JOSE VELASCO','',NULL),('EC052523','EC052523','TECLADO ','',NULL,'','',NULL),('EC052629','EC052629','TECLADO GENIUS','',NULL,'JAIRO MARIN','160',NULL),('EC052630','EC052630','TECLADO ','',NULL,'JAMES PATIÑO','160',NULL),('EC052631','EC052631','TECLADO JANUS','',NULL,'CAMILO  GUIDO','160',NULL),('EC052632','EC052632','TECLADO GENIUS','',NULL,'JULIANA GOMEZ','160',NULL),('EC052633','EC052633','TECLADO ','',NULL,'','',NULL),('EC052634','EC052634','TECLADO ','',NULL,'','',NULL),('EC052637','EC052637','TECLADO ','',NULL,'','',NULL),('EC052638','EC052638','TECLADO ','',NULL,'','',NULL),('EC052719','EC052719','TECLADO GENIUS','',NULL,'JAMES PATIÑO','160',NULL),('EC052720','EC052720','TECLADO GENIUS','',NULL,'NEISEN BAHAMON','160',NULL),('EC052724','EC052724','TECLADO JANUS','',NULL,'LAURA LOPEZ','160',NULL),('EC052794','EC052794','TECLADO GENIUS','',NULL,'NATALIA COPETE','160',NULL),('EC053143','EC053143','TECLADO ','',NULL,'','',NULL),('EC053259','EC053259','TECLADO JANUS','',NULL,'MARISOL FRANCO','',NULL),('EC053260','EC053260','TECLADO JANUS','',NULL,'LISETH JOHANA MACIAS M','111',NULL),('EC053322','EC053322','TECLADO GENIUS','',NULL,'LEDIS ARIAS','141',NULL),('EC053397','EC053397','TECLADO GENIUS','',NULL,'AGUSTIN GONZALES','106',NULL),('EC053398','EC053398','TECLADO GENIUS','',NULL,'MARLY BEATRIZ MARTINES','106',NULL),('EC053522','EC053522','TECLADO ','',NULL,'','',NULL),('EC053523','EC053523','TECLADO ','',NULL,'','',NULL),('EC053524','EC053524','TECLADO ','',NULL,'','',NULL),('EC053525','EC053525','TECLADO ','',NULL,'','',NULL),('EC053526','EC053526','TECLADO ','',NULL,'','',NULL),('EC053527','EC053527','TECLADO ','',NULL,'','',NULL),('EC053528','EC053528','TECLADO ','',NULL,'','',NULL),('EC053561','EC053561','TECLADO COMPUMAX','',NULL,'FELIX HAMER CHAVERRA','100',NULL),('EC053604','EC053604','TECLADO ','',NULL,'','',NULL),('EC053605','EC053605','TECLADO ','',NULL,'','',NULL),('EC053606','EC053606','TECLADO ','',NULL,'','',NULL),('EC053607','EC053607','TECLADO ','',NULL,'','',NULL),('EC060101','EC060101','IMPRESORA Y SCANERS STIKER IMP','',NULL,'','',NULL),('EC060163','EC060163','IMPRESORA KYOCERA','FS-1040',NULL,'ANGELA MARIA ZAPATA','100',NULL),('EC060950','EC060950','IMPRESORA EPSON','LX-350',NULL,'JULIAN GUTIERREZ','100',NULL),('EC061090','EC061090','SCANNER CANON','',NULL,'CAROL ADRIANA GOMEZ','125',NULL),('EC061136','EC061136','IMPRESORA EPSON','LX-300+II',NULL,'JENY ALEJANDRA TEJADA','133',NULL),('EC061522','EC061522','IMPRESORAS Y SCANNERS ','',NULL,'','',NULL),('EC061528','EC061528','SCANNER CANON','',NULL,'ZULEMA VERBEL ','154',NULL),('EC061534','EC061534','IMPRESORAS Y SCANNERS KYOCERA','',NULL,'SERGIO CORREA','100',NULL),('EC062261','EC062261','IMPRESORA HP','',NULL,'DANIEL RIVERA','100',NULL),('EC062445','EC062445','IMPRESORAS Y SCANNERS ','',NULL,'','',NULL),('EC062695','EC062695','IMPRESORA HP','ADVANTAGE 1515',NULL,'CLAUDIA SINISTERRA','160',NULL),('EC062696','EC062696','SCANNER CANON','DR-C225',NULL,'JOSE MOISES GONZALES','160',NULL),('EC062697','EC062697','IMPRESORA SAMSUNG','SCX-3405W',NULL,'VIVIANA FLOREZ','',NULL),('EC062698','EC062698','IMPRESORA HP','LASER JET',NULL,'','',NULL),('EC062793','EC062793','IMPRESORA SAMSUNG','SCX-3405W',NULL,'NATALIA COPETE','160',NULL),('EC062796','EC062796','IMPRESORA HP','LASER JET M132MFP',NULL,'ROBERTO ROZO','160',NULL),('EC062799','EC062799','SCANNER CANON','',NULL,'JULIANA GOMEZ','160',NULL),('EC062865','EC062865','IMPRESORA ','',NULL,'EDWIN GONZALES','',NULL),('EC062904','EC062904','IMPRESORA Y SCANERS ','',NULL,'','',NULL),('EC063051','EC063051','IMPRESORA ','',NULL,'','',NULL),('EC063052','EC063052','IMPRESORA ','',NULL,'','',NULL),('EC063055','EC063055','IMPRESORA ','',NULL,'','',NULL),('EC063157','EC063157','IMPRESORA Y SCANERS ','',NULL,'','',NULL),('EC063440','EC063440','IMPRESORA Y SCANERS ','',NULL,'','',NULL),('EC063441','EC063441','IMPRESORA Y SCANERS ','',NULL,'','',NULL),('EC063442','EC063442','IMPRESORA Y SCANERS ','',NULL,'','',NULL),('EC063445','EC063445','IMPRESORA Y SCANERS ','',NULL,'','',NULL),('EC063537','EC063537','IMPRESORA  ','',NULL,'','',NULL),('EC063539','EC063539','SCANERS ','',NULL,'','',NULL),('EC063540','EC063540','IMPRESORA Y SCANERS ','',NULL,'','',NULL),('EC063541','EC063541','IMPRESORA Y SCANERS ','',NULL,'','',NULL),('EC070208','EC070208','UPS STARTEC','',NULL,'YULENY GALVIS','100',NULL),('EC070445','EC070445','UPS ','',NULL,'','',NULL),('EC070464','EC070464','UPS STARTEC','',NULL,'DANIEL RIVERA','100',NULL),('EC070478','EC070478','UPS STARTEC','',NULL,'ALBA MARINA MERCHAN','152',NULL),('EC071186','EC071186','UPS MILENIO','',NULL,'ALEJANDRO LOPEZ','100',NULL),('EC071576','EC071576','UPS STARTEC','',NULL,'YESSICA BERRIO','105',NULL),('EC071591','EC071591','UPS ','',NULL,'','',NULL),('EC071592','EC071592','UPS ','',NULL,'','',NULL),('EC071594','EC071594','REGULADOR DE VOLTAJE NO REGIST','',NULL,'GLORIA ELCY GIRALDO','135',NULL),('EC072656','EC072656','UPS STARTEC','',NULL,'ELIZABETH LEAL','160',NULL),('EC072682','EC072682','UPS POWEST TITAN','',NULL,'JAMES PATIÑO','160',NULL),('EC072723','EC072723','REGULADOR DE VOLTAJE ','',NULL,'NASLY GOMEZ','160',NULL),('EC072729','EC072729','UPS STARTEC','',NULL,'ANA MARIA AGUILAR','160',NULL),('EC073160','EC073160','UPS ','',NULL,'','',NULL),('EC073161','EC073161','UPS ','',NULL,'','',NULL),('EC073162','EC073162','UPS AKRON','',NULL,'BILMAIRA CARABALLO HERRERA','',NULL),('EC073269','EC073269','UPS ','',NULL,'','',NULL),('EC343279','EC061570','SCANNER CANON','DR-2010C',NULL,'LUTY MARTINEZ ','108',NULL),('EE342613','EC060677','SCANNER CANON','DR-2010C',NULL,'MARY LUZ NIÑO','155',NULL),('EE349184','EC061138','SCANNER CANON','DR2050',NULL,'CESAR NARANJO','133',NULL),('EE351593','EC060688','SCANNER CANON','DR-2010C',NULL,'LUZ ANGELA ROMERO','144',NULL),('EE358943','EC060678','SCANNER CANON','DR-2010C',NULL,'JHON EDISON LENIS','139',NULL),('EF.355441','EC061562','SCANNER CANON','DR-2010C',NULL,'HENRY MERCADO','138',NULL),('EF.369506','EC061524','SCANNER CANON','M11065',NULL,'MARTHA RIVERO','103',NULL),('EF341553','EC061539','SCANNER CANON','DR-2010C',NULL,'ROSA CAUSIL ','142',NULL),('EF343276','EC062448','SCANNER CANON','DR-2050C',NULL,'MARTHA LUCIA MOSQUERA','140',NULL),('EF343278','EC061255','SCANNER CANON','DR-2010C',NULL,'NILSON RIVEROS','111',NULL),('EF344388','EC063057','SCANNER CANON','',NULL,'LUIS MIGUEL CASTAÑO','135',NULL),('EF352196','EC061537','SCANNER CANON','DR-2010C',NULL,'ARMANDO MARIN ','150',NULL),('EF355422','EC061545','SCANNER CANON','DR-2010C',NULL,'LUIS JAIR RAMIREZ','123',NULL),('EF355426','EC061565','SCANNER CANON','M-11065',NULL,'VALENTIN VEGA','141',NULL),('EF355449','EC062451','SCANNER CANON','DR-2010C',NULL,'JORGE ELIECER LOPEZ','159',NULL),('EF356344','EC062446','SCANNER CANON','DR-2010C',NULL,'MARIA PIEDAD GARCIA','137',NULL),('EF356644','EC061526','SCANNER CANON','DR-2010C',NULL,'CARLOS ALBERTO MARTINEZ ','153',NULL),('EF358957','EC063049','IMPRESORA CANON','DR-2010C',NULL,'MARCELA ARIAS','130',NULL),('EF360565','EC063156','IMPRESORA Y SCANERS CANON','OR2010C',NULL,'BILMAIRA CARABALLO HERRERA','',NULL),('EF360709','EC063153','IMPRESORA Y SCANERS CANON','DR-2010C',NULL,'LAUDITH CAUSIL ESTRADA','',NULL),('EF365374','EC063151',' SCANER CANON','DR-2010L',NULL,'MARIA ELENA SANCHEZ','',NULL),('EF365403','EC062460','SCANNER CANON','',NULL,'JAMIR TRUJILLO','114',NULL),('EF3654633','EC061092','SCANNER CANON','DR2010C',NULL,'JUAN CARLOS MARULANDA','124',NULL),('EF365583','EC062459','SCANNER CANON','',NULL,'ERIKA MILENA LOZANO','158',NULL),('EF365590','EC061371','SCANNER CANON','DR-2010C',NULL,'ANA MILENA LOPEZ','100',NULL),('EF365623','EC060651','SCANNER CANON','DR-2010C',NULL,'CONSUELO MOJICA','157',NULL),('EL4112100769','EC071573','UPS NICOMAR','MICRONET 750',NULL,'SANDRA BARRETO','108',NULL),('EP340221','EC061533','SCANNER CANON','MIII081',NULL,'ANDRES PRADO','102',NULL),('EP34131I','EC060692','SCANNER CANON','MIII081',NULL,'HUGO MORALES CASTAÑEDA','109',NULL),('EP349088','EC060680','SCANNER CANON','MIII081',NULL,'ESTEFANIA ARRIAGA','112',NULL),('ERKE4HA178723','EC031513','MONITOR AOC','',NULL,'VANESSA GALINDO','100',NULL),('ET16700525027 (IMAGEN BORROSA)','EC030845','MONITOR BENQ','',NULL,'SERGIO CORREA','100',NULL),('ETJ6700478027','EC030476','MONITOR BENQ','T71W',NULL,'JESSICA LONDOÑO','128',NULL),('ETL58/588/SLD','EC032392','MONITOR BENQ','6900WD',NULL,'LUIS JAIR RAMIREZ','123',NULL),('ETL58148105L0','EC030859','MONITOR BENQ','',NULL,'CARLOS FELIPE AGUIRRE','100',NULL),('ETLWD80151440D3084210','EC030829','MONITOR ACER','P206HV',NULL,'GLORIA VALENCIA','100',NULL),('ETQ310C002108265404022','EC030856','MONITOR EMACHINE','',NULL,'JOHAN ANDRES GALEANO','100',NULL),('ETQ44304259','EC061254','IMPRESORA EPSON','LX-300',NULL,'NILSON RIVEROS','111',NULL),('ETUY245862','EC060971','IMPRESORA EPSON','LX-300+II',NULL,'SERGIO CORREA','100',NULL),('EVBX60H3','EC050442','TECLADO HP','KU0316',NULL,'YIBER RODA SUEZ','139',NULL),('EW304231','EC060162','SCANNER CANON','M111241',NULL,'YESSICA LOAZA','100',NULL),('F14168154','EC040479','CPU NO REGISTRA','NA',NULL,'ALONSO FERNEY RODRIGUEZ','157',NULL),('F3N0WU10567411G','EC020716','COMPUTADOR PORTATIL ASUS','X455L',NULL,'CARLOS ENRIQUE MONTOYA','100',NULL),('FCTY136825','EC060172','IMPRESORA EPSON','FX2190',NULL,'FREDY ARMANDO SANABRIA','100',NULL),('FCTY156188','EC060161','IMPRESORA EPSON','FX-2190',NULL,'YULENY GALVIS ','100',NULL),('FCTY179765','EC061425','IMPRESORA EPSON','FX-2190',NULL,'FREDY ARMANDO SANABRIA','100',NULL),('FF81900D01','EC050855','TECLADO COMPAQ','',NULL,'RUBEN DARIO GOMEZ','100',NULL),('FF820007LM','EC051475','TECLADO COMPAQ','',NULL,'LUTY MARTINEZ ','108',NULL),('FF82306BI4','EC050863','TECLADO NO REGISTRA','',NULL,'GABRIEL RAMIREZ','127',NULL),('FHGFE16928','EC061215','IMPRESORA HP','',NULL,'DANIEL RIVERA','100',NULL),('FLATRON 19915','EC030024','MONITOR LG','',NULL,'NATALIA RODRIGUEZ','100',NULL),('FP310637','EC061352','SCANNER CANON','DR-125',NULL,'GABRIEL RAMIREZ','127',NULL),('FP310640','EC060685','SCANNER CANON','DRC 125',NULL,'WILLIAM LOPEZ','115',NULL),('FP310647','EC061196','SCANNER CANON','DR-2114',NULL,'MARIO OSPINA','152',NULL),('FP316949','EC061530','IMPRESORAS Y SCANNERS CANON','DR-1125',NULL,'SERGIO LUIS SARMIENTO','104',NULL),('FP340302','EC061455','SCANNER CANON','DR-125',NULL,'JESSICA LONDOÑO','128',NULL),('FP341301','EC062461','SCANNER CANON','',NULL,'YENNIFER RODRIGUEZ','110',NULL),('FP353147','EC061553','SCANNER CANON','M111081',NULL,'LUCIA SARMIENTO','107',NULL),('FP353669','EC061558','SCANNER CANNON','M111081',NULL,'AGUSTIN JOSE GONZALEZ','106',NULL),('FRKE4HA175984','EC031519','MONITOR AOC','',NULL,'LUIS MIGUEL CASTAÑO','135',NULL),('FRKE4HA176648','EC031515','MONITOR AOC','',NULL,'JUAN DAVID HERNANDEZ','100',NULL),('FRKE4HA178613','EC031250','MONITOR NOC','',NULL,'ROSA GOMEZ','112',NULL),('FRKE4HA178810','EC030034','MONITOR AOC','',NULL,'SANDRA MUÑOZ','135',NULL),('FRKE4HA178841','EC030035','MONITOR AOC','',NULL,'JORGE MIGUEL GUARIN','120',NULL),('FRKE4HA178842','EC030037','MONITOR AOC','',NULL,'YURY SUAREZ','121',NULL),('FSZY033326','EC060173','IMPRESORA EPSON','LQ2090',NULL,'FREDY ARMANDO SANABRIA','100',NULL),('FTY349091','EC063266','SCANNERS CANON','',NULL,'MARISOL FRANCO','',NULL),('FW334450','EC063054','SCANNER CANON','DR-C130',NULL,'ALEXANDER MESA','117',NULL),('FW334458','EC061551','SCANNER CANON','',NULL,'HAILTON WILFREDO GOMEZ','116',NULL),('FW334501','EC061329','SCANNER CANON','',NULL,'YURY SUAREZ','121',NULL),('FW334502','EC060170','SCANNER CANON','',NULL,'INGRID TATIANA CASTRO','120',NULL),('FW334504','EC060954','SCANNER CANON','DR-C130',NULL,'SIN ASIGNAR','132',NULL),('FW335202','EC062905','SCANNER CANNON','DRC-130',NULL,'AGUSTIN GONZALES','106',NULL),('FW338585','EC061543','SCANNER CANON','',NULL,'','145',NULL),('FW338685','EC061540','SCANNER CANON','DR-2010C',NULL,'ANDRES PRADO','102',NULL),('FW338691','EC061544','SCANNER CANON','DR-C130',NULL,'SANDRA GRISALES','100',NULL),('FXWF8HA109671','EC032302','MONITOR AOC','',NULL,'MARIO OSPINA','152',NULL),('FXWFGHA109677','EC032301','MONITOR NOC','',NULL,'JUAN CARLOS MARULANDA','124',NULL),('FXWFGHA109693','EC030464','MONITOR AOC','',NULL,'MARTHA LUCIA MOSQUERA','140',NULL),('FXWFGHA111035','EC031512','MONITOR AOC','',NULL,'ADRIANO BURITICA','135',NULL),('FXWFGHA111282','EC031506','MONITOR COMPAQ ','',NULL,'GUSTAVO ADOLFO ARIAS','100',NULL),('G8DU441261','EC061121','IMPRESORA EPSON','LX-300',NULL,'SAMUEL CASTRILLON','133',NULL),('G8DU476163','EC061261','IMPRESORA EPSON','LX-300+II',NULL,'ARAMITA RAMIREZ','111',NULL),('G8DY090650','EC060975','IMPRESORA EPSON','LX-300+II',NULL,'SERGIO CORREA','100',NULL),('G8DY230810','EC060972','IMPRESORA EPSON','LX-300+II',NULL,'SERGIO CORREA','100',NULL),('G8DY241111','EC060973','IMPRESORA EPSON','LX-300+II',NULL,'SERGIO CORREA','100',NULL),('G8DY259590','EC063155','IMPRESORA Y SCANERS EPSON','LX-300 II',NULL,'BILMAIRA CARABALLO HERRERA','',NULL),('G8DY408717','EC062699','IMPRESORA EPSON','LX-300',NULL,'EDWIN GONZALES','',NULL),('G8DY421960','EC063045','IMPRESORA EPSON','LX-300+II',NULL,'GLORIA ELCY GIRALDO','135',NULL),('G8DY421971','EC061569','IMPRESORAS Y SCANNERS EPSON','LX-300 II',NULL,'','',NULL),('G8DY432159','EC060974','IMPRESORA EPSON','LX-300+II',NULL,'SERGIO CORREA','100',NULL),('G8DY441284','EC061546','IMPRESORA EPSON','LX-350+II',NULL,'JHON JEIVER GONZALES','123',NULL),('G8DY441293','EC063046','IMPRESORA EPSON','LX-300+II',NULL,'SANDRA MUÑOZ','135',NULL),('G8DY441641','EC063536','IMPRESORA EPSON','LX-300TII',NULL,'NANCY BURBANO','',NULL),('GBDY240134','EC061566','IMPRESORA EPSON','LX-300+II',NULL,'LILIANA SALCEDO','141',NULL),('GBPYI62667','EC061538','IMPRESORA EPSON ','LX-300',NULL,'ANA PATERNINA','142',NULL),('GK070006','EC051468','TECLADO GENIUS','',NULL,'SERGIO SARMIENTO','104',NULL),('GNT937CG2J','EC030004','MONITOR COMPAQ','W185Q',NULL,'BRYAN CASTAÑEDA','100',NULL),('GOINTDVSM538','EC033561','MONITOR LG','',NULL,'FELIX HAMER CHAVERRA','100',NULL),('GW304019','EC063037','SCANNER CANON','DR-C225',NULL,'JAMES PATIÑO','160',NULL),('GW310106','EC063267','SCANERS CANON','M111241',NULL,'LISETH JOHANA MACIAS M','111',NULL),('GW310197','EC063444',' SCANERS CANON','M111241',NULL,'','',NULL),('GW405600 ','EC060960','SCANNER CANON','DR-C225',NULL,'AGUSTIN JOSE GONZALES','106',NULL),('H117H9NP222166M','EC040034','CPU COMPUMAX','',NULL,'SANDRA MUÑOZ','135',NULL),('H2482JA009485','EC030446','MONITOR NOC','9175W',NULL,'DIDIER CAMILO PEÑA','155',NULL),('H2483NA017359','EC030933','MONITOR AOC','917SW',NULL,'SERGIO CORREA','100',NULL),('H3MYHR8V63FTXKC4C8K9WCMWV','EC040031','CPU JANUS','',NULL,'MARCELA CASTAÑO C','100',NULL),('H40615N-690-9EX4','EC030868','MONITOR COMPAQ','CQ1569',NULL,'CAROL ADRIANA GOMEZ','125',NULL),('H40615N6909EXY','EC030875','MONITOR COMPANY','',NULL,'JUAN CARLOS MARULANDA','124',NULL),('H40GJ5N-690-9EXY','EC033520','MONITOR COMPAQ','',NULL,'NANCY BURBANO','',NULL),('HA0AX4LF (SIM CARD 3145165543)','EC020768','TABLET LENOVO','YOGA TABLET',NULL,'CARLOS ANDRES RAMIREZ','',NULL),('HA0AXD09 (SIM CARD 3146457438)','EC020766','TABLET LENOVO','YOGA TABLET',NULL,'CARLOS ANDRES RAMIREZ','',NULL),('HA0AXMPL (SIM CARD 3146459448)','EC020767','TABLET LENOVO','YOGA TABLET',NULL,'CARLOS ANDRES RAMIREZ','',NULL),('HA0CMFY4 (SIM CARD 314 6465158','EC020765','TABLET LENOVO','TAB 2 A7',NULL,'CARLOS ANDRES RAMIREZ','',NULL),('HA0CN9G7 (SIM CARD 314 6467298','EC020718','TABLET LENOVO','TAB 2 A7',NULL,'CARLOS ANDRES RAMIREZ','',NULL),('HA0CNE3S (SIM CARD 314 6465148','EC020764','TABLET LENOVO','TAB 2 A7',NULL,'CARLOS ANDRES RAMIREZ','',NULL),('HA0CNLHD (SIM CARD 3146463608)','EC020769','TABLET LENOVO','TAB 2 A7',NULL,'CARLOS ANDRES RAMIREZ','',NULL),('HA15H9NL407726H','EC030463','MONITOR SAMSUNG','540N',NULL,'DEGLI BARATO GUEVARA','111',NULL),('HA15H9NLB015855W','EC030065','MONITOR SAMSUNG','',NULL,'SERGIO CORREA','100',NULL),('HA15H9NLB01753B','EC031358','MONITOR SAMSUNG','540N',NULL,'PIEDAD GARCIA','137',NULL),('HA17H9N918814N','EC030062','MONITOR SAMSUNG','',NULL,'SANDRA MUÑOZ','135',NULL),('HA17H9NP339449D','EC030442','MONITOR SAMSUNG','740N',NULL,'YIBER RODA SUEZ','139',NULL),('HA17H9NP400280P','EC030854','MONITOR SAMSUNG','',NULL,'FRANCISCO JAVIER SANDOVAL','144',NULL),('HA17H9NP402027R','EC031357','MONITOR SAMSUNG','740N',NULL,'MARIO OSPINA','152',NULL),('HA17HVB0IO3289M','EC030450','MONITOR SAMSUNG','L517740NW',NULL,'WILLIAM LOPEZ','115',NULL),('HA17HVBQ103239F','EC032387','MONITOR SAMSUNG','',NULL,'JHON JEIVERN GONZALES','123',NULL),('HA17HVBU1052384','EC032386','MONITOR SAMSUNG','',NULL,'ASTRID CAROLINA OLARTE','114',NULL),('HAI5H9NLB016952','EC030456','MONITOR SAMSUNG','540N',NULL,'SANDRA RODRIGUEZ','109',NULL),('HBOBK7EA','EC021398','TABLET LENOVO','60043',NULL,'CAROLINA RAMIREZ','100',NULL),('HGC00214021621','EC041476','CPU HG','HGC-002',NULL,'SANDRA BARRETO','108',NULL),('HGTE01135010441','EC051476','TECLADO HG','HGTEC.001',NULL,'SANDRA BARRETO','108',NULL),('HGTEC00114506347','EC051000','TECLADO HG','',NULL,'CESAR NARANJO','133',NULL),('HGTGC001135006593','EC051480','TECLADO HG ','HGTEC-001',NULL,'MARIA FERRER PEÑA','102',NULL),('HMX493PB0147J','EC020212','COMPUTADOR PORTATIL SAMSUNG','RV415',NULL,'ALEJANDRO ALVAREZ','100',NULL),('HN45CP1','EC041293','CPU POWER EDGE','T410 (SERVIDOR)',NULL,'SERGIO CORREA','100',NULL),('HP-COMPAQ','EC041460','CPU HP','HP-COMPAQ',NULL,'LUCIA SARMIENTO','107',NULL),('HRIS91RC3005247','EC023144','COMPUTADOR PORTATIL SAMSUNG','NP-300E4A',NULL,'NANCY FIERRO RUBIO','',NULL),('HU509120600183P','EC021397','COMPUTADOR PORTATIL SAMSUNG','',NULL,'MARIA FERNANDA VALLEJO','',NULL),('HU5091EC500108T','EC020143','COMPUTADOR PORTATIL SAMSUNG','SERIE S',NULL,'MAURICIO MORALES','100',NULL),('HU5091FC500226X','EC022493','COMPUTADOR PORTATIL samsung','np535u3c',NULL,'JHON GUTIERREZ','160',NULL),('HU5091FC50032D','EC020139','COMPUTADOR PORTATIL SAMSUNG','',NULL,'SANDRA GRISALES','100',NULL),('IC889B-Q10055','EC060160','IMPRESORA  DATACARD','CP-40',NULL,'FELIX HAMMER CHAVERRA','100',NULL),('IMBTO13071802333','EC051552','TECLADO HG','',NULL,'SERGIO CORREA','100',NULL),('INC80389LCO1286','EC042402','CPU XIUX','',NULL,'SERAFIN HILARION','159',NULL),('INC80389LKDO779','EC052402','TECLADO XIUX','',NULL,'SERAFIN HILARION','159',NULL),('INC80389UK01285','EC070453','UPS STARTEC','',NULL,'FRANCISCO RODRIGUEZ','144',NULL),('J00186-729-591-388','EC040830','CPU JANUS','',NULL,'ANGELICA MARIA MARIN B','100',NULL),('J19131E14042500895','EC030030','MONITOR JANUS','',NULL,'ANA MARIA ACOSTA','100',NULL),('J1913LE10112227','EC033039','monitor JANUS','1913LE',NULL,'JAMES PATIÑO','160',NULL),('J1913LE1101120478','EC031505','MONITOR JANUS','',NULL,'DANIEL RIVERA','100',NULL),('J1913LE1101120625','EC031508','MONITOR JANUS','',NULL,'MICHAEL OVIEDO','100',NULL),('J1913LE1102281103','EC033260','MONITOR JANUS','1613LE',NULL,'LISETH JOHANA MACIAS M','111',NULL),('J1913LE1107150176','EC033519','MONITOR JANUS','',NULL,'','',NULL),('J1913LE1107150966','EC033521','MONITOR JANUS','',NULL,'HEIDER JOHANA RUIZ','',NULL),('J1913LE14042502728','EC030830','MONITOR JANUS','',NULL,'ANGELICA MARIA MARIN B','100',NULL),('J2015LE13112500100','EC030022','MONITOR JANUS','',NULL,'ALEJANDRA DELGADO','100',NULL),('J2015LE13112500546','EC040030','MONITOR JANUS','',NULL,'MARCELA CASTAÑO','100',NULL),('J40421254840','EC040023','CPU JANUS','',NULL,'ALEJANDRA DELGADO','100',NULL),('JSKBCOMBONI581501','EC053017','TECLADO JANUS','',NULL,'RICARDO HENAO','100',NULL),('JSKBMSCOMBO1029196','EC053142','TECLADO JANUS','',NULL,'TANIA ANGÉLICA MARQUEZ','',NULL),('JSKBMSCOMBO1072384','EC053519','TECLADO JANUS','',NULL,'','',NULL),('JSKBMSCOMBO1275397','EC050031','TECLADO JANIUS','',NULL,'MARCELA CASTAÑO C','100',NULL),('JSKBMSCOMBO1366502','EC053070','TECLADO JANUS','',NULL,'JOSE GALLEGO','100',NULL),('K-0000904','EC052304','TECLADO COMPUMAX','',NULL,'OSCAR CALDERON','100',NULL),('K-0000905','EC052303','TECLADO COMPUMAX','',NULL,'MICHEL CALPA','100',NULL),('K-0001376','EC052302','TECLADO COMPUMAX','',NULL,'MARIO OSPINA','152',NULL),('K-0001396','EC052301','TECLADO COMPUMAX','',NULL,'JUAN CARLOS MARULANDA','124',NULL),('K-0001487','EC051512','TECLADO COMPUMAX','',NULL,'ADRIANO BURITICA','135',NULL),('K-0001505','EC051506','TECLADO ','',NULL,'GUSTAVO ADOLFO ARIAS','100',NULL),('K-0001657','EC051515','TECLADO COMPUMAX','',NULL,'JUAN DAVID HERNANDEZ','100',NULL),('K-0001763','EC051513','TECLADO COMPUMAX','',NULL,'VANESSA GALINDO','100',NULL),('K-0002416','EC051509','TECLADO COMPUMAX','',NULL,'SIN ASIGNAR','156',NULL),('K-0002423','EC051510','TECLADO COMPUMAX','',NULL,'SIN ASIGNAR','156',NULL),('K-0003429','EC052405','TECLADO COMPUMAX','',NULL,'NELSON TORRES','100',NULL),('K-0005985','EC053562','TECLADO COMPUMAX','',NULL,'EISEN HOWER MONCADA','100',NULL),('K-0006075','EC053563','TECLADO COMPUMAX','',NULL,'-','145',NULL),('K140400049','EC050037','TECLADO COMPUMAX','',NULL,'YURY SUAREZ','121',NULL),('K140501968','EC050035','TECLADO COMPUMAX','',NULL,'JORGE MIGUEL GUARIN','120',NULL),('K140701724','EC051250','TECLADO COMPUMAX','',NULL,'ROSA GOMEZ','112',NULL),('K763CA002J91','EC030011','MONITOR NOC','',NULL,'JHON STIVEN MESA','100',NULL),('KBPS203168106000600E02','EC051241','TECLADO ENACHINES','',NULL,'JORGE HENRIQUE','150',NULL),('KBU5B0B48914305A2A0100','EC050829','TECLADO ACER','',NULL,'GLORIA VALENCIA','100',NULL),('KBUS919513','EC050867','TECLADO NOTIME','',NULL,'MARIA VICTORIA BUITRAGO','125',NULL),('KM8B82U00130','EC053564','TECLADO COMPUMAX','',NULL,'LUIS ONIEL MURILLO','100',NULL),('KNHD46556','EC061552','IMPRESORA CANON','PIXMAIP2810',NULL,'DANIEL RIVERA','100',NULL),('KNVY012521','EC060967','IMPRESORA EPSON','STYLUS TX400',NULL,'SERGIO CORREA','100',NULL),('KP13B8710407','EC051472','TECLADO GENIUS ','K-639',NULL,'VALENTIN VEGA','141',NULL),('KQBZ023249','EC060965','IMPRESORA EPSON','STYLUS TX105',NULL,'SERGIO CORREA','100',NULL),('KV5P004303','EC060968','IMPRESORA EPSON','STYLUS T23',NULL,'SERGIO CORREA','100',NULL),('L07902097','EC041468','CPU NEXT','',NULL,'SERGIO SARMIENTO','104',NULL),('L19131E1107151123','EC033259','MONITOR JANUS','',NULL,'MARISOL FRANCO','',NULL),('L9N3701557','EC062454','IMPRESORA KYOCERA','FS-1040',NULL,'JORGE ELIECER LOPEZ','159',NULL),('L9N3701571','EC062456','IMPRESORA KYOCERA','FS-1040',NULL,'SANDRA PATRICIA CASTILLO','158',NULL),('L9N3701607','EC061548','IMPRESORA KYOCERA','FS-1040',NULL,'GLORIETH GOZALES','123',NULL),('L9N3701618','EC062452','IMPRESORA KYOCERA','FS-1040',NULL,'ASTRID CAROLINA OLARTE','114',NULL),('L9N3701625','EC060676','IMPRESORA KYOCERA','FS-1040',NULL,'MARY LUZ NIÑO','155',NULL),('L9N3701628','EC061370','IMPRESORA KYOCERA','FS 1040',NULL,'SIN ASIGNAR','156',NULL),('L9N3701630','EC063048','IMPRESORA KYOCERA','FS-1040',NULL,'MARCELA ARIAS','130',NULL),('L9N3701631','EC060684','IMPRESORA KYOCERA','FS-1040',NULL,'ALEJANDRA GUARIN','115',NULL),('L9N3701632','EC063056','IMPRESORA KYOCERA','FS-1040',NULL,'SANDRA MUÑOZ','135',NULL),('L9N3701641','EC061423','IMPRESORA KYOCERA','FS-1040',NULL,'AIDA LUZ CAÑAS','128',NULL),('L9N3701643','EC061122','IMPRESORA KYOCERA','FS-1040',NULL,'ALBA MARINA MERCHAN','152',NULL),('L9N3701646','EC061093','IMPRESORA KYOCERA','FS-1040',NULL,'LEIDY TATIANA','124',NULL),('L9N3701651','EC061137','IMPRESORA KYOCERA','FS-1040',NULL,'JENY ALEJANDRA TEJADA','133',NULL),('L9N3801756','EC060682','IMPRESORA KYOCERA','FS-1040',NULL,'ESTEFANIA ARRIAGA','112',NULL),('L9N3801757','EC061258','IMPRESORA KYOCERA','FS-1040',NULL,'LIDIA ZORAIDA SUTACHAN','132',NULL),('L9N3801760','EC061424','IMPRESORA KYOCERA','FS-1040',NULL,'ANDERSON BALLESTEROS','113',NULL),('L9N3801761','EC062449','IMPRESORA KYOCERA','FS-1040',NULL,'EDNA JOHANA ORTIZ','140',NULL),('L9N3801762','EC060674','IMPRESORA KYOCERA','FS-1040',NULL,'ERIKA MORENO','139',NULL),('L9N3801763','EC060652','IMPRESORA KYOCERA','FS-1040',NULL,'NASLY KATERINE HERNANDEZ','157',NULL),('L9N3801890','EC060691','IMPRESORA KYOCERA','FS-1040',NULL,'SANDRA RODRIGUEZ','109',NULL),('L9N381754','EC060687','IMPRESORA KYOCERA','ES-1040',NULL,'LUISA FERNANDA GONZALES','159',NULL),('LE10113288','EC050845','TECLADO COMPAQ','',NULL,'MICHAEL OVIEDO','100',NULL),('LE10118498','EC050446','TECLADO COMPAQ','',NULL,'DIDIER CAMILO PEÑA','155',NULL),('LE1018240','EC050854','TECLADO COMPAQ','',NULL,'SERGIO CORREA','100',NULL),('LE11922896','EC051251','TECLADO COMPAQ','',NULL,'ALEJANDRO LOPEZ','100',NULL),('LE11932273','EC051503','TECLADO COMPAQ','',NULL,'MIGUEL DEL TORO','106',NULL),('LE12301414','EC050025','TECLADO COMPAQ','',NULL,'FELIX HAMMER CHAVERRA','100',NULL),('LL77WSBB03NDVWEZ343','EC030032','MONITOR LG','FLATRON',NULL,'LEIDY LORENA GRAJALES','100',NULL),('LM020203640','EC051464','TECLADO GENIUS','K639',NULL,'AGUSTIN JOSE GONZALEZ','106',NULL),('LN93701520','EC061095','IMPRESORA KYOCERA','FS-1040',NULL,'CIPRIANA RIVERA','127',NULL),('LUSEU0C0111050EE241601','EC023145','COMPUTADOR PORTATIL ACER','ASPIRE ONE',NULL,'LAUDITH CAUSIL ESTRADA','',NULL),('LUSEVOCO111050D62A1601','EC023263','COMPUTADOR PORTATIL ASPIRE ONE','10505482616',NULL,'LISETH LOPEZ','111',NULL),('LVL911','EC030828','MONITOR HP','6CM413U4J',NULL,'MARY LUZ CAÑAS','100',NULL),('LX-350','EC063050','IMPRESORA EPSON','LX-300+II',NULL,'MILEYDI GIL','117',NULL),('LXR5T080050420E6C62500','EC020882','COMPUTADOR PORTATIL ACER','',NULL,'SERGIO CORREA','100',NULL),('LXRDT08007119217492500','EC020895','COMPUTADOR PORTATIL ACER','ASPIRE 4253-BZ631',NULL,'SERGIO CORREA','100',NULL),('LXRDTO80071192190D2500','EC021392','COMPUTADOR PORTATIL ACER','ASPIRE 4253',NULL,'LUIS HERNANDEZ BADEL','',NULL),('M1060602333','EC050981','TECLADO SURE','',NULL,'SERGIO CORREA','100',NULL),('MHCY048867','EC060165','IMPRESORA EPSON','DURABRITE',NULL,'MARION ALVAREZ','100',NULL),('MI16105120074571','EC042396','CPU XIVX','',NULL,'ANA MARIA GOMEZ','137',NULL),('MLX 9210DCL','EC041487','CPU HP','2400',NULL,'ZULEMA VERBEL ','154',NULL),('MLX 9210DDJ','EC041483','CPU HP','P12-2400',NULL,'FRANCISCO JARAMILLO','103',NULL),('MLX9210DBX','EC040445','CPU HP','',NULL,'ESTEFANIA ARRIAGA','112',NULL),('MLX9210DD7','EC041491','CPU COMPAQ ','DR2400',NULL,'ANDRES PRADO','102',NULL),('MLX9210DDCQ','EC041499','CPU HP','DX-2400',NULL,'GUSTAVO RAMOS RUIZ ','142',NULL),('MLX9210DDH','EC040455','CPU HP','',NULL,'LUZ ANGELA ROMERO','144',NULL),('MLXD26JFQ','EC041482','CPU HP','500MX',NULL,'FRANCISCO JARAMILLO','102',NULL),('MMCXNAA0014090AB084201','EC031471','MONITOR ACER','B-1967102',NULL,'LEDIS ARIAS ','141',NULL),('MMLXNAA0014090A6D84201','EC031520','MONITOR ACER','',NULL,'RAMON ALVAREZ','108',NULL),('MMLXNAA0014090A72B4201','EC030478','MONITOR ACER','V196HQL',NULL,'ALBA MARINA MERCHAN','152',NULL),('MMT0CRN00143602611A8520','EC030852','MONITOR ACER','K202HLQ',NULL,'JULIAN GUTIERREZ','100',NULL),('MMT0CRN00143602B618520','EC030001','MONITOR ACER','',NULL,'BEATRIZ ELENA CARMONA','100',NULL),('MMTCORW001436022798520','EC030850','MONITOR HP','',NULL,'MARY LUZ NIÑO','155',NULL),('MMTOCRN00143602648520','EC031359','MONITOR ACER','K20LHQL',NULL,'LUZMAN ARISTIZABAL','100',NULL),('MMTOCRN001436026698520','EC030848','MONITOR ACER','K202HLQ',NULL,'EDILTON CELIS MARIN','100',NULL),('MMTOCRN0014360267B8520','EC030849','MONITOR ACER','K202HLQ',NULL,'JULIAN GUTIERREZ','100',NULL),('MMTOCRN0014360268C8520','EC030847','MONITOR ACER','K202HLQ',NULL,'JULIAN GUTIERREZ','100',NULL),('MMTOCRN001436028448520','EC031318','MONITOR ACER','',NULL,'SERGIO CORREA','100',NULL),('MMTOCRN001436028568520','EC030840','MONITOR ACER','K202HQL',NULL,'ANA MILENA LOPEZ','100',NULL),('MMTOCRN00143602B508520','EC030872','MONITOR ACER','',NULL,'JOSE GALLEGO','100',NULL),('MMTOCRN00143602B6F8520','EC030846','MONITOR ACER','K202HLQ',NULL,'YULENY GALVIS','100',NULL),('MX19210D74','EC042398','CPU HP','',NULL,'ERIKA MILENA LOZANO','158',NULL),('MX192110DCN','EC041245','CPU HP','',NULL,'LUCIA SARMIENTO','107',NULL),('MXJ906007B','EC041387','CPU HP','',NULL,'JORGE HENRIQUE','150',NULL),('MXJ90600Z9','EC042392','CPU HP','',NULL,'LUIS JAIR RAMIREZ','123',NULL),('MXJ90600ZD','EC040476','CPU HP','',NULL,'JESSICA LONDOÑO','128',NULL),('MXJ90600ZH','EC041355','CPU HP','',NULL,'JENY ALEJANDRA TEJADA','133',NULL),('MXJ90600ZP','EC040016','CPU HP','',NULL,'ERIKA MILENA LOZANO','158',NULL),('MXJ9060108','EC040442','CPU HP','KP721AV',NULL,'YIBER RODA SUEZ','139',NULL),('MXJ90L002L','EC042385','CPU HP','',NULL,'GLORIA MILENA CACERES','140',NULL),('MXL0260VD1','EC040440','CPU COMPAQ','',NULL,'JHON EDISON LENIS','139',NULL),('MXL0260VDG','EC043139','CPU COMPAQ','',NULL,'BILMAIRA CARABALLO HERRERA','',NULL),('MXL2100G1C','EC040834','CPU HP','',NULL,'YENNY BEDOYA','100',NULL),('MXL2100G25','EC040021','CPU HP','',NULL,'ANDRES GIRON','100',NULL),('MXL2100G2N','EC040009','CPU HP','',NULL,'JHON STIVEN MESA','100',NULL),('MXL2100P1D','EC040859','CPU HP','PAVILON',NULL,'CARLOS FELIPE AGUIRRE','100',NULL),('MXL2100POH','EC040843','CPU NO REGISTRA','',NULL,'LEIDY JOHANA OSORIO','100',NULL),('MXL2100POL','EC040014','CPU HP','',NULL,'NATALIA JARAMILLO','100',NULL),('MXL428193M','EC041388','CPU HP','',NULL,'BEATRIZ ELENA CARMONA','100',NULL),('MXL4281958','EC040024','CPU HP','',NULL,'DANIELA GARCIA','100',NULL),('MXL428195H','EC041243','CPU HP','',NULL,'JERSON JIMENEZ','100',NULL),('MXL428195V','EC040864','CPU HP','',NULL,'ALEJANDRO ALVAREZ','100',NULL),('MXL428195X','EC040836','CPU HP','',NULL,'SANDRA DUQUE','100',NULL),('MXL4281965','EC040833','CPU HP','',NULL,'GLORIA LUCIA RAMIREZ','100',NULL),('MXL4281966','EC040020','CPU HP','',NULL,'EDUARD ALEXANDER LADINO','100',NULL),('MXL4281969','EC040828','CPU HP','',NULL,'MARY LUZ CAÑAS','100',NULL),('MXL428796R','EC040823','CPU HP','',NULL,'JUAN CARLOS GIRALDO','100',NULL),('MXL428V95W','EC040005','CPU HP','PRODEX',NULL,'JESSICA VANESSA GUZMAN','100',NULL),('MXL450202S','EC042521','CPU HP','',NULL,'EDWIN GONZALES','',NULL),('MXL92101C5','EC040457','CPU HP','DX 2400',NULL,'HUGO MORALES CASTAÑEDA','109',NULL),('MXL9210DB5','EC040444','CPU HP','DX 2400',NULL,'MARY LUZ NIÑO','155',NULL),('MXL9210DBC','EC040018','CPU HP','',NULL,'YENNIFER RODRIGUEZ','110',NULL),('MXL9210DBV','EC043140','CPU HP COMPAQ','',NULL,'MARIA ELENA SANCHEZ','',NULL),('MXL9210DC4','EC041500','CPU HP','',NULL,'ZULEMA VERBEL ','154',NULL),('MXL9210DC6','EC031248','CPU HP','',NULL,'LUIS FERNANDO DE LOS RIOS','140',NULL),('MXL9210DCW','EC040003','CPU HP','',NULL,'PAOLA CORTES','100',NULL),('MXL9210DCX','EC041488','CPU COMPAQ','',NULL,'YESSICA BERRIO','105',NULL),('MXL9210DCY','EC041493','CPU HP','DX-2400',NULL,'ARMANDO MARIN ','150',NULL),('MXL9210DCZ','EC040449','CPU HP','',NULL,'ALEXANDRA GUARIN','115',NULL),('MXL9210DD0','EC051498','TECLADO HP','DX-2400',NULL,'ROSA CAUSIL ','142',NULL),('MXL9210DD4','EC041497','CPU HP','DX-2400',NULL,'ROSA CAUSIL ','142',NULL),('MXL9210DD6','EC043520','CPU HP','',NULL,'NANCY BURBANO','',NULL),('MXL9210DD8','EC041518','CPU HP','',NULL,'CARLOS ANDRES RANIREZ','116',NULL),('MXL9210DDB','EC041494','CPU HP','DX-2400',NULL,'ARMANDO MARIN ','150',NULL),('MXL9210DDL','EC042399','CPU HP','',NULL,'SANDRA PATRICIA CASTILLO','158',NULL),('MXL9210DDR','EC040863','CPU HP','',NULL,'GABRIEL RAMIREZ','127',NULL),('MXL9210DEO','EC041492','CPU HP','DX-2400',NULL,'VISIA MARIA PALOMINO','150',NULL),('MXL9210DES','EC041485','CPU HP COMPAQ ','DX-2400',NULL,'ALVAREZ AVILA','153',NULL),('MXL9210DFC','EC040862','CPU HP','',NULL,'GABRIEL RAMIREZ','127',NULL),('MXL9210DL6','EC040869','CPU HP','',NULL,'JAVIER ARANGO CARVAJAL','125',NULL),('MXL9210DTC','EC040870','CPU HP','',NULL,'JAIRO ESPINOSA VALENCIA','125',NULL),('MXL921DDL','EC041473','CPU HP','DX-2400',NULL,'LILIANA SALCEDO','141',NULL),('MXL921ODCP','EC040465','CPU HP','DX-2400',NULL,'AIDA LUZ CAÑAS','128',NULL),('MXL921ODDF','EC040875','CPU HP','',NULL,'JUAN CARLOS MARULANDA','124',NULL),('MXL921ODEM','EC041495','CPU HG','DX-2400',NULL,'JORGE HERNANDEZ ','150',NULL),('MXL921ODEN','EC040857','CPU HP','',NULL,'CIPRIANA RIVERA','127',NULL),('MXL9248DUH','EC042400','CPU HP','',NULL,'JOHAN BRICEÑO','137',NULL),('MXLP210DDD','EC040460','CPU HP','',NULL,'CESAR EDUARDO CHIRIVI','111',NULL),('MXLZ100POB','EC040839','CPU HP','',NULL,'MARIA BIBIANA GALEANO','100',NULL),('MXN9210DCV','EC041484','CPU HP','DX-2400',NULL,'CARLOS ALBERTO MARTINEZ ','153',NULL),('MXX0070L8X','EC040845','CPU COMPAQ','',NULL,'SERGIO CORREA','100',NULL),('MXX9160UPQ','EC041467','CPU HP','P6100LA',NULL,'SERGIO SARMIENTO','104',NULL),('MXX9390KT4','EC042386','CPU COMPAQ','',NULL,'ASTRID CAROLINA OLARTE','114',NULL),('MXX9430RQZ','EC041466','CPU COMPAQ ','CQ521DLA',NULL,'NETY FONTALVO HERNANDEZ','104',NULL),('MXX9430SRG','EC040447','CPU COMPAQ','CQ5210CA',NULL,'DIEGO ARMANDO GONZALEZ','155',NULL),('MXX9430SRN','EC042395','CPU COMPAQ','',NULL,'HAILTON WILFREDO GOMEZ','116',NULL),('MXX9430SS9','EC043071','CPU COMPAQ','CQ5210LA',NULL,'MARCELA ARIAS','130',NULL),('MXXC070L7V','EC040029','CPU COMPAQ','',NULL,'YENNIFER RODRIGUEZ','110',NULL),('MY9BEH602R','EC060955','PLOTER HP (PLOTER)','DESING JET',NULL,'SERGIO CORREA','100',NULL),('NACY077689 (FALTA UNA TECLA)','EC060686','IMPRESORA EPSON','LX-300',NULL,'YENNY ANDREA VERANO','144',NULL),('NBGK012233','EC060961','IMPRESORA EPSON','STYLUS TX135',NULL,'SERGIO CORREA','100',NULL),('NMTOCRN00143604189520','EC031317','MONITOR ACER','K202MQL',NULL,'DAVID GIRALDO','100',NULL),('NOGY034902','EC060949','IMPRESORA EPSON','LX-300',NULL,'LILIANA BEDOYA','125',NULL),('NONUN3455','EC032394','MONITOR LG','FLATRON 19 EN335',NULL,'EDNA JOHANA ORTIZ','140',NULL),('NSA2700935','EC060948','IMPRESORA KYOCERA','ECOSYS FS1040',NULL,'SERGIO CORREA','100',NULL),('NSA2700981','EC061321','IMPRESORA KYOCERA','FS-1040',NULL,'ANDRES PRADO','102',NULL),('NU868LAHABM','EC040443','CPU HP','',NULL,'OLGA ROCIO HUERTAS','155',NULL),('NUEY015412','EC062457','IMPRESORA EPSON','LX-300+II',NULL,'LUISA FERNANDA GONZALES','159',NULL),('NUEY023723','EC062450','IMPRESORA EPSON','LX-300+II',NULL,'EDNA JOHANA ORTIZ','140',NULL),('NUG4043784','EC061262','IMPRESORA EPSON','LX-300+II',NULL,'DEGLI BARATO GUEVARA','111',NULL),('NUG4103862','EC060683','IMPRESORA EPSON','LX-300',NULL,'ALEJANDRA GUARIN','115',NULL),('NUGY 103921 ( PARA REIVSION)','EC061554','IMPRESORA EPSON','LX-300+II',NULL,'ANA PATERNINE','142',NULL),('NUGY008369','EC061563','IMPRESORA EPSON','LX-300+II',NULL,'WILSON BENTHAM','138',NULL),('NUGY045473','EC061094','IMPRESORA EPSON','LX-300+II',NULL,'CIPRIANA RIVERA','127',NULL),('NUGY069490','EC061541','IMPRESORA EPSON ','LX-300+II',NULL,'ROSA CAUSIL ','142',NULL),('NUGY069520','EC060969','IMPRESORA EPSON','LX-300+II',NULL,'SERGIO CORREA','100',NULL),('NUGY077679','EC060166','IMPRESORA EPSON','LX-300+II',NULL,'ANA MARIA ACOSTA','100',NULL),('NUGY102772','EC061531','IMPRESORA EPSON ','LX-300',NULL,'MARIA FERRER PEÑA','102',NULL),('NUGY102799','EC061523','IMPRESORA EPSON','LX-300+II',NULL,'MARTHA RIVERO','103',NULL),('NUGY103853','EC061567','IMPRESORA EPSON','LX-300+II',NULL,'ROSA CAUSIL','142',NULL),('NUGY142890','EC062453','IMPRESORA EPSON','LX-300+II',NULL,'SANDRA PATRICIA CASTILLO','158',NULL),('NUGY143795','EC061525','IMPRESORA EPSON','LX-300+II',NULL,'ANGELA TORRES ','153',NULL),('NUGY144731','EC061529','IMPRESORA EPSON','LX-300+II',NULL,'YESSICA BERRIO','105',NULL),('NUGY167343','EC060641','IMPRESORA EPSON','LX-300+II',NULL,'NASLY KATERINE HERNANDEZ','157',NULL),('NUGY634890','EC062447','IMPRESORA EPSON','LX-300',NULL,'GLORIA MILENA CACERES','140',NULL),('NUGYO23611','EC061549','IMPRESORA EPSON','LX-300+II',NULL,'GLORIETH GOZALES','123',NULL),('NVE1142891','EC061123','IMPRESORA EPSON','LX-300+II',NULL,'JAIRO ALONSO MOTATO','152',NULL),('NVGV102Z84','EC061091','IMPRESORA EPSON','',NULL,'LEIDY TATIANA','124',NULL),('NVGY095786','EC063053','IMPRESORA EPSON','LX-300-II',NULL,'MARCELA ARIAS','130',NULL),('NXL9210DB4','EC040461','CPU COMPAQ','DX 2400',NULL,'NILSON RIVEROS','111',NULL),('NXL9210DD2','EC041472','CPU HP.COMP','PX-2400',NULL,'VALENTIN VEGA','141',NULL),('NXM0QAL0042170B35F7600','EC020889','COMPUTADOR PORTATIL ACER','',NULL,'SERGIO CORREA','100',NULL),('NXM0RAL03237222EF7600','EC020891','COMPUTADOR PORTATIL ACER','SPIREE1-471',NULL,'YULENY GALVIS','100',NULL),('NXM0RAL03423713D277600','EC020877','COMPUTADOR PORTATIL ACER','',NULL,'SERGIO CORREA','',NULL),('NXM0RAL034237222827600','EC020886','COMPUTADOR PORTATIL ACER','ASPIRE 2QT',NULL,'JHON FERNANDO BEDOYA','125',NULL),('NXMORAL03424201D367600','EC021394','COMPUTADOR PORTATIL ACER','ASPIRE 431',NULL,'SERGIO CORREA','100',NULL),('NXMORAL03802052C67600','EC021301','COMPUTADOR PORTATIL ACER','',NULL,'ALEJANDRO ALVAREZ','100',NULL),('NXMORL034237225307600','EC023554','COMPUTADOR PORTATIL ACER','ASPIRE EI',NULL,'HEIDER JOHANA DÍAS','',NULL),('NYGY032558','EC060681','IMPRESORA EPSON','LX-300',NULL,'ESTEFANIA ARRIAGA','112',NULL),('O1509G202116','EC053565','TECLADO COMPUMAX','',NULL,'JENNIFER GOMEZ','100',NULL),('P/N 697737-161','EC052522','TECLADO HP','',NULL,'YOMARIS CASTRO','103',NULL),('PE16H9N4401621E','EC031355','MONITOR SAMSUNG','G32',NULL,'JENY ALEJANDRA TEJADA','133',NULL),('PE16H9NQ401549M','EC033141','MONITOR SAMSUNG','632NW',NULL,'LAUDITH CAUSIL ESTRADA','',NULL),('PE16H9NQ4019138','EC032397','MONITOR SAMSUNG','',NULL,'MAURICIO BAZURDO','137',NULL),('PE16H9NQ401967J','EC033018','MONITOR SAMSUNG','2000:1',NULL,'GLORIA ELCY GIRALDO','135',NULL),('PE16H9NQ808616Y','EC030477','MONITOR SAMSUNG','2000',NULL,'DANIEL RIVERA','100',NULL),('PE17H9NQ123141W','EC030452','MONITOR SAMSUNG','732PLU',NULL,'LUZ ANGELA ROMERO','144',NULL),('PE1GH9NQ401922K','EC032400','MONITOR SAMSUNG','',NULL,'JOHAN BRICEÑO','137',NULL),('PE1GHWA80855225','EC032402','MONITOR SAMSUNG','',NULL,'SERAFIN HILARION','159',NULL),('PFM0MEB0','EC020157','COMPUTADOR PORTATIL IENOVO','THINK PAD EDGE E431',NULL,'FLOBER BRITO','100',NULL),('PK40726021062','EC050463','TECLADO COMPAQ','',NULL,'DEGLI BARATO GUEVARA','111',NULL),('PTNC90801210000C39600','EC040856','CPU EMACHINE','',NULL,'JOHAN ANDRES GALEANO','100',NULL),('PTSW7AC006439029A23000','EC040872','CPU ACER','',NULL,'JOSE GALLEGO','100',NULL),('PTSW7AL005430399F3000','EC040852','CPU ACER','ASPIRE',NULL,'JULIAN GUTIERREZ','100',NULL),('PUAB0937003746','EC050019','TECLADO COMPAQ','',NULL,'VANESA GALINDO','100',NULL),('PUAV0037005732','EC050464','TECLADO COMPAQ','',NULL,'JESSICA LONDOÑO','128',NULL),('PUAV0914000541','EC051009','TECLADO COMPAQ','',NULL,'FELIX HAMMER CHAVERRA','100',NULL),('PUAV1003008858','EC050004','TECLADO COMPAQ','',NULL,'BRYAN CASTAÑEDA','100',NULL),('PUAV1019001686','EC053139','TECLADO COMPAQ','',NULL,'BILMAIRA CARABALLO HERRERA','',NULL),('PUAV1019002080','EC050024','TECLADO COMPAQ','',NULL,'NATALIA RODRIGUEZ','100',NULL),('PUAV11160002012','EC050036','TECLADO COMPAQ','',NULL,'YURY SUAREZ','121',NULL),('PUAV1116000240','EC050027','TECLADO COMPAQ','',NULL,'MARION ALVAREZ','100',NULL),('PUAV1116001745','EC052396','TECLADO COMPAQ','',NULL,'ANA MARIA GOMEZ','137',NULL),('PUAV1127002913','EC020154','COMPUTADOR PORTATIL COMPAQ','TODO EN UNO',NULL,'+','145',NULL),('PUAV1129001867','EC050063','TECLADO COMPAQ','',NULL,'ASTRID AYALA','142',NULL),('PUAV1130007257','EC052403','TECLADO ','',NULL,'MIGUEL ANGEL MOYA','159',NULL),('PUAV1222004360','EC052392','TECLADO NO REGISTRA','',NULL,'LUIS JAIR RAMIREZ','123',NULL),('PUAV1222004590','EC050026','TECLADO COMPAQ','',NULL,'SERGIO CORREA','100',NULL),('PUAVQ937003691','EC051460','TECLADO COMPAQ','PR1101V',NULL,'LUCIA SARMIENTO','107',NULL),('PVAV0937005722','EC051003','TECLADO COMPAQ','',NULL,'SERGIO CORREA','100',NULL),('PVAV1003016577','EC051001','TECLADO COMPAQ','',NULL,'SERGIO CORREA','100',NULL),('PVAV1116000810','EC050978','TECLADO COMPAQ','',NULL,'PAOLA CORTES','100',NULL),('PVAV1116001843','EC051007','TECLADO COMPAQ','',NULL,'TATIANA CASTRO','120',NULL),('PVAV1116002021','EC050861','TECLADO COMPAQ','',NULL,'JHONNY FLOREZ','100',NULL),('PVAV111G000810','EC050977','TECLADO COMPAQ','',NULL,'SERGIO CORREA','100',NULL),('PVAV1127OO271O','EC050844','TECLADO COMPAQ','',NULL,'SERGIO CORREA','100',NULL),('Q754018731','EC061453','IMPRESORA EPSON','LX-350',NULL,'AIDA LUZ CAÑAS','128',NULL),('Q754033798','EC061527','IMPRESORA EPSON','LX-350',NULL,'JULIA PINTO ','154',NULL),('Q754037979','EC061564','IMPRESORA EPSON','LX-350',NULL,'-','145',NULL),('Q75404033802','EC062940','IMPRESORA EPSON','LX-350',NULL,'ASTRID CAROLINA OLARTE','114',NULL),('Q754080933','EC061556','IMPRESORA EPSON','LX-350',NULL,'MARLY MARTINEZ BALLESTAS','106',NULL),('Q75X111575','EC062906','IMPRESORA EPSON','LX-350',NULL,'SIN ASIGNAR','156',NULL),('Q75Y034107','EC060690','IMPRESORA EPSON','LX-350',NULL,'SANDRA RODRIGUEZ','109',NULL),('Q75Y034136','EC062458','IMPRESORA EPSON','LX-350',NULL,'ESTHER JAZMIN ZAPATA','110',NULL),('Q75Y034140','EC061559','IMPRESORA EPSON','LX-350',NULL,'NARLY GALINDO CASTAÑEDA','107',NULL),('Q75Y034151','EC061369','IMPRESORA EPSON','LX-350',NULL,'CARLOS ANDRES MARTINEZ','153',NULL),('Q75Y075510','EC061547','IMPRESORA EPSON','LX-350',NULL,'ERIKA MARIA MENDEZ','116',NULL),('Q75Y075513','EC061088','IMPRESORA EPSON','LX-350',NULL,'YURY SUAREZ','121',NULL),('Q75Y076117','EC062968','IMPRESORA EPSON','LX-350',NULL,'INGRID TATIANA CASTRO','120',NULL),('Q75Y080909','EC030873','MONITOR ACER','K202HLQ',NULL,'JULIAN GUTIERREZ','100',NULL),('Q75Y094139','EC063065','IMPRESORA EPSON','LX-350',NULL,'VISIA PALOMINO','150',NULL),('Q75Y094142','EC063067','IMPRESORA EPSON','LX-350',NULL,'SANDRA MARCELA BARRETO','108',NULL),('Q75Y096286','EC061422','IMPRESORA EPSON','LX-350',NULL,'SIN ASIGNAR','132',NULL),('Q75Y111547','EC062902','IMPRESORA EPSON','LX-350',NULL,'SIN ASIGNAR','156',NULL),('Q75Y111574','EC062903','IMPRESORA EPSON','LX-350',NULL,'LILIANA BEDOYA','125',NULL),('Q75Y114796','EC063066','IMPRESORA EPSON','LX-350',NULL,'LUISA FERNANDA GONZALES','159',NULL),('R52GC11Y39Y','EC020484','TABLETS SAMSUNG','TAB A ',NULL,'ZULEMA VERDEL','154',NULL),('R52GC11YCVV','EC022258','COMPUTADOR PORTATIL SAMSUNG','TAB A',NULL,'ROSA CAUSIL','142',NULL),('RF2C08DBYX (SIM CARD 314516223','EC020658','TABLET SAMSUNG','SM-T531',NULL,'CARLOS ANDRES RAMIREZ','',NULL),('RS26C11XYSK','EC022249','TABLET SAMSUNG','GALAXY TAB A',NULL,'CONSUELO MOJICA','157',NULL),('RS2FC0K83YAC (SIM CARD 3145169','EC020659','TABLET SAMSUNG','SM-M231',NULL,'CARLOS ANDRES RAMIREZ','',NULL),('RS2GC11XTBP','EC022257','COMPUTADOR PORTATIL SAMSUNG','GALAXY TAB A2',NULL,'MARY LUZ NIÑO','155',NULL),('RVXZ014143','EC060168','SCANNER EPSON','',NULL,'ALEJANDRO ACEVEDO','100',NULL),('S/HBTECO1135','EC051486','TECLADO HG','',NULL,'JULIA PINTO ','154',NULL),('S/N','EC041478','CPU SURE','',NULL,'ROSA CAUSIL ','142',NULL),('S/S','EC051489','TECLADO UNITEC','',NULL,'DIDIER CAMILO PEÑA','155',NULL),('S11MXPH11544','EC030844','MONITOR LG','',NULL,'SERGIO CORREA','100',NULL),('SCB226192B','EC020488','COMPUTADOR PORTATIL COMPAQ','CQ43',NULL,'SERGIO CORREA','100',NULL),('SNA2700935','EC061555','IMPRESORA KYOCERA','ES10740',NULL,'NETY FONTALVO HERNANDEZ','104',NULL),('SQ6805200011ZF','EC040063','CPU ARGOM','NA',NULL,'ANGELA SERRATO','100',NULL),('SQ7004100095ZF','EC041296','CPU ARGOM','',NULL,'SERGIO CORREA','100',NULL),('ST3110914150','EC020908','TABLET VIEW SONIC','CON CARGADOR',NULL,'SERGIO CORREA','100',NULL),('TH8BRS14TV','EC060956','IMPRESORA HP','D2460',NULL,'SERGIO CORREA','100',NULL),('TMJR-008','EC051465','TECLADO HIGH PRECISION','',NULL,'MARLY MARTINEZ BALLESTAS','106',NULL),('U754036840','EC060673','IMPRESORA EPSON','LX-350',NULL,'ERIKA MORENO','139',NULL),('U75UQ13005','EC060675','IMPRESORA EPSON','LX-350',NULL,'OLGA ROCIO HUERTAS','155',NULL),('UE130WN14518','EC051492','TECLADO GENIUS ','',NULL,'VISIA MARIA PALOMINO','150',NULL),('USM50202UK','EC040012','CPU HP','SERVIDOR',NULL,'SERGIO CORREA','100',NULL),('V1LDF21','EC031247','MONITOR LENOVO','',NULL,'LUIS MURILLO','100',NULL),('V1NAT25','EC030012','MONITOR LENOVO','',NULL,'CLAUDIA MILENA SOTO','100',NULL),('V1NAT31','EC030915','MONITOR LENOVO','',NULL,'SERGIO CORREA','100',NULL),('V1NAT60','EC030826','MONITOR LENOVO','',NULL,'NATALIA CAMARGO','100',NULL),('V1W4200075','EC062455','IMPRESORA KYOCERA','FS-1040',NULL,'ERIKA MARIA MENDEZ','116',NULL),('V1W4900745','EC060171','IMPRESORA KYOCERA','FS-1040',NULL,'YURY SUAREZ','121',NULL),('V1W4X00830','EC061550','IMPRESORA KYOCERA','FS-1040',NULL,'NASLY KATHERINE HERNANDEZ','157',NULL),('V1W4X00856','EC060952','IMPRESORA KYOCERA','FS-1040',NULL,'DIANA MARCELA HENAO','132',NULL),('V1W4Z010203','EC061322','IMPRESORA KYOCERA','FS-1040',NULL,'JOSE GREGORIO ROJANO','105',NULL),('V1W4Z011160','EC061326','IMPRESORA KYOCERA','FS-1040',NULL,'SANDRA BARRETO','108',NULL),('V1W4Z01133','EC061319','IMPRESORA KYOCERA','FS-1040',NULL,'ROSA CAUSIL','142',NULL),('V1W4Z01152','EC061327','IMPRESORA KYOCERA','FS-1040',NULL,'HENRY MERCADO','138',NULL),('V1W4Z01163','EC061323','IMPRESORA KYOCERA','FS-1040',NULL,'KARINA PAOLA MARTINEZ','107',NULL),('V1W4Z01211','EC063047','IMPRESORA KYOCERA','FS-1040',NULL,'MILEYDI GIL','117',NULL),('V1W5301147','EC061333','IMPRESORA KYOCERA','FS-1040',NULL,'INGRID TATIANA CASTRO','120',NULL),('V1W5301250','EC061324','IMPRESORA KYOCERA','FS-1040',NULL,'ARMANDO MARIN','150',NULL),('V1W5301271','EC060169','IMPRESORA KYOCERA','FS-1040',NULL,'ZULEIMA VERBEL','154',NULL),('V1W5301287','EC060167','IMPRESORA KYOCERA','FS-1040',NULL,'CARLOS ALBERTO MARTINEZ','153',NULL),('V1W5301351','EC061320','IMPRESORA KYOCERA','FS-1040',NULL,'ASTRID CAROLINA OLARTE','144',NULL),('V1W5401537','EC063068','IMPRESORA KYOCERA','FS-1040',NULL,'YASMID ZAPATA','110',NULL),('V1W5401616','EC062907','IMPRESORA KYOCERA','FS-1040',NULL,'ALEXANDRA ROMERO','144',NULL),('V1WS301286','EC061325','IMPRESORA KYOCERA','FS-1040',NULL,'VALENTIN VEGA','141',NULL),('VL3720FVBX62MV','EC051357','TECLADO HP','KV-7316',NULL,'MARIO OSPINA','152',NULL),('VNB3J16947','EC062262','IMPRESORA HP','',NULL,'DANIEL RIVERA','100',NULL),('VNB4F80334','EC062259','IMPRESORA HP','',NULL,'DANIEL RIVERA','100',NULL),('WE0392061481','EC050480','TECLADO GENIUS','',NULL,'AIDA LUZ CAÑAS','128',NULL),('WE1192029426','EC051474','TECLADO GENIUS','K639',NULL,'IRIS STELLA MARTINEZ','108',NULL),('WE130WH30675','EC051493','TECLADO GENIUS ','',NULL,'ARMANDO MARIN ','150',NULL),('WE130WK00398','EC050467','TECLADO GENIUS','WE730WK00397',NULL,'CONSUELO MOJICA','157',NULL),('WE130WN03948','EC051494','TECLADO GENIUS ','',NULL,'ARMANDO MARIN ','150',NULL),('WE150WAZ0699','EC053521','TECLADO GENIUS','',NULL,'HEIDER JOHANA RUIZ','',NULL),('WE150WD06136','EC051508','TECLADO GENIUS','',NULL,'CARLOS ENRIQUE MONTOYA','100',NULL),('WE150WD29950','EC051496','TECLADO GENIUS','',NULL,'ANA PATERNINA','142',NULL),('WE1560I00772','EC053024','TECLADO genius','GK-100010',NULL,'JAMES PATIÑO','160',NULL),('WE1C92035154','EC050857','TECLADO GENIUS','',NULL,'CIPRIANA RIVERA','127',NULL),('WE2292013143','EC050986','TECLADO GENIUS','',NULL,'ALEXANDRA ROMERO','144',NULL),('WE27920559629','EC050016','TECLADO GENIUS','',NULL,'ERIKA MILENA LOZANO','158',NULL),('WE2792089423','EC050979','TECLADO GENIUS','',NULL,'SERGIO CORREA','100',NULL),('WE2792089440','EC051478','TECLADO GENIUS','',NULL,'','',NULL),('WE2A92024719','EC053019','TECLADO GENIUS','',NULL,'MILEYDI GIL','117',NULL),('WE2A92024720','EC052390','TECLADO GENIUS','',NULL,'ESTHER JAZMIN ZAPATA','110',NULL),('WE3292042B6','EC050987','TECLADO GENIUS','',NULL,'SERGIO CORREA','100',NULL),('WE3A94001264','EC050827','TECLADO GENIUS','',NULL,'ROSARIO VALENCIA CHAVEZ','100',NULL),('WE3A94001266','EC050835','TECLADO GENIUS','',NULL,'LUISA SANCHEZ','100',NULL),('WE4891016818','EC051477','TECLADO GENIUS','K639',NULL,'RAMON ALVAREZ','108',NULL),('WE9992011246','EC050445','TECLADO GENIUS','K639',NULL,'ESTEFANIA ARRIAGA','112',NULL),('WEI30WM14501','EC051495','TECLADO GENIUS ','',NULL,'JORGE HERNANDEZ ','150',NULL),('WEIB91016624','EC051470','TECLADO GENIUS','K639',NULL,'ORLANDO ACOSTA PELAEZ ','138',NULL),('WEO792089117','EC050447','TECLADO GENIUS','KC39',NULL,'DIEGO ARMANDO GONZALEZ','155',NULL),('WEOC91073083','EC050984','TECLADO GENIUS','',NULL,'SERGIO CORREA','100',NULL),('X1696086','EC020140','COMPUTADOR PORTATIL COMPAQ','PRESARIO CQ43',NULL,'SERGIO CORREA','100',NULL),('XE1507AO4586','EC053600','TECLADO GENIUS','B-M200',NULL,'YENNIFER RODRIGUEZ','110',NULL),('XE6804000113','EC051356','TECLADO GENIUS','',NULL,'CESAR NARANJO','133',NULL),('XEBB07022693','EC051484','TECLADO GENIUS','GX-100015',NULL,'CARLOS ALBERTO MARTINEZ ','153',NULL),('XEC207009525','EC050029','TECLADO GENIUS','',NULL,'LUZ MIRIAM LUGO','',NULL),('XEDBO700599','EC051499','TECLADO GENIUS','',NULL,'GUSTAVO RAMOS RUIZ ','142',NULL),('XL9N3701660','EC060946','IMPRESORA KYOCERA','FS-1040',NULL,'LILIANA BEDOYA','125',NULL),('XP13C8722528','EC050479','TECLADO GENIUS','NA',NULL,'ALONSO FERNEY RODRIGUEZ','157',NULL),('XP1448711795','EC051002','TECLADO GENIUS','',NULL,'LUISA FERNANDA OVALLE','100',NULL),('XPI3B8748864','EC050457','TECLADO GENIUS','K-639',NULL,'HUGO MORALES CASTAÑEDA','109',NULL),('XPX30170200676','EC040450','CPU NO REGISTRA','',NULL,'YILMAR IBARGUEN','139',NULL),('XX9388168483','EC051504','TECLADO ','',NULL,'SERGIO CORREA','100',NULL),('YB10772034','EC020485','COMPUTADOR PORTATIL LENOVO','',NULL,'GERMAN GUSTAVO LOPEZ','100',NULL),('YB2C11001649','EC051008','TECLADO GENIUS','',NULL,'SERGIO CORREA','100',NULL),('YB2C11001651','EC051466','TECLADO GENIUS','GK-07006',NULL,'NETY FONTALVO HERNANDEZ','104',NULL),('YB3CC143621','EC050856','TECLADO GENIUS','',NULL,'JOHAN ANDRES GALEANO','100',NULL),('YB4611002074','EC052398','TECLADO GENIUS','',NULL,'ERIKA MILENA LOZANO','158',NULL),('YB48C1086292','EC051518','TECLADO ','',NULL,'YENNIFER RODRIGUEZ','110',NULL),('YB54C1U07424','EC053036','TECLADO genius','slimstar c110',NULL,'JAMES PATIÑO','160',NULL),('YBOGC1407553','EC050444','TECLADO GENIUS','GK-07000',NULL,'MARY LUZ NIÑO','155',NULL),('Z510BFEB1005810','EC063150','IMPRESORA Y SCANERS SAMSUNG','SCX-3200',NULL,'LAUDITH CAUSIL ESTRADA','',NULL),('Z5E5BFB300880E','EC063154','IMPRESORA Y SCANERS SAMSUNG','SCX-3205W',NULL,'MARIA ELENA SANCHEZ','',NULL),('Z5EBFEB301832A','EC063538','IMPRESORA SAMSUNG','',NULL,'HEIDER JOHANA RUIZ','',NULL),('Z610BFEB100577W','EC063264','IMPRESORA  SAMSUNG','SCX-3200/XAX',NULL,'LISETH JOHANA MACIAS M','111',NULL),('Z736BFEC200353K','EC061197','IMPRESORA SAMSUNG','',NULL,'DANIEL RIVERA','100',NULL),('ZCE056600132','EC053141','TECLADO GENIUS','',NULL,'LAUDITH CAUSIL ESTRADA','',NULL),('ZM0702028544','EC050008','TECLADO GENIUS','',NULL,'VANESA GALINDO','100',NULL),('ZM0B02027236','EC050982','TECLADO GENIUS','',NULL,'SERGIO CORREA','100',NULL),('ZM5939128841','EC050462','TECLADO GENIUS','',NULL,'LIDA ZORAIDA  SUTACHAN','111',NULL),('ZM6139062384','EC050989','TECLADO GENIUS','',NULL,'SERGIO CORREA','100',NULL),('ZM7607030655','EC050985','TECLADO GENIUS','',NULL,'SERGIO CORREA','100',NULL),('ZM7B02114700','EC050454','TECLADO ','K-639',NULL,'ADRIANA PINZON','144',NULL),('ZM8707030095','EC053038','TECLADO genius','k645',NULL,'JAMES PATIÑO','160',NULL),('ZM9502021485','EC050874','TECLADO GENIUS','',NULL,'JAVIER ARANGO CARVAJAL','124',NULL),('ZMZ102003495','EC053071','TECLADO GENIUS','K639',NULL,'MARCELA ARIAS','130',NULL),('ZN9702011383','EC050448','TECLADO COMPAQ','',NULL,'','142',NULL),('ZUX61103CA','EC040854','CPU HP','PROLIANT MC110',NULL,'SERGIO CORREA','100',NULL),('ZZ1309302704','EC070456','UPS STARTEC','STW-650',NULL,'SANDRA RODRIGUEZ','109',NULL),('ZZ8QH4LFG03819F','EC031354','MONITOR SAMSUNG','',NULL,'SIN ASIGNAR','132',NULL),('ZZ8QH4LFG04828T','EC030471','MONITOR SAMSUNG','',NULL,'LUIS EDUARDO GONZALES','154',NULL),('ZZBQH4LF604450Z','EC030465','MONITOR SAMSUNG','',NULL,'HENRY MERCADO','138',NULL);
/*!40000 ALTER TABLE `equipo` ENABLE KEYS */;
UNLOCK TABLES;

--
-- Table structure for table `observacion`
--

DROP TABLE IF EXISTS `observacion`;
/*!40101 SET @saved_cs_client     = @@character_set_client */;
/*!40101 SET character_set_client = utf8 */;
CREATE TABLE `observacion` (
  `id_observacion` int(11) NOT NULL AUTO_INCREMENT,
  `id_ticket` int(11) NOT NULL,
  `id_equipo` varchar(30) COLLATE utf8mb4_unicode_ci NOT NULL DEFAULT '1',
  `tema` varchar(50) COLLATE utf8mb4_unicode_ci NOT NULL,
  `mensaje` text COLLATE utf8mb4_unicode_ci NOT NULL,
  `fecha` datetime NOT NULL,
  `fotografias` varchar(400) COLLATE utf8mb4_unicode_ci DEFAULT NULL,
  PRIMARY KEY (`id_observacion`),
  KEY `observacion_ticket` (`id_ticket`),
  KEY `observacion_equipo` (`id_equipo`),
  CONSTRAINT `ObservacionEquipo` FOREIGN KEY (`id_equipo`) REFERENCES `equipo` (`id_equipo`) ON DELETE CASCADE ON UPDATE CASCADE,
  CONSTRAINT `observacion_ibfk_1` FOREIGN KEY (`id_ticket`) REFERENCES `ticket` (`id_ticket`) ON DELETE CASCADE ON UPDATE CASCADE
) ENGINE=InnoDB AUTO_INCREMENT=7 DEFAULT CHARSET=utf8mb4 COLLATE=utf8mb4_unicode_ci;
/*!40101 SET character_set_client = @saved_cs_client */;

--
-- Dumping data for table `observacion`
--

LOCK TABLES `observacion` WRITE;
/*!40000 ALTER TABLE `observacion` DISABLE KEYS */;
INSERT INTO `observacion` VALUES (3,1308459986,'0','fdglkdgltkg','<div class=\'w3-border w3-margin-4 w3-light-grey\'>descripción descripción descripción descripción descripción descripción descripción descripción </div>','2016-04-09 20:57:57',''),(4,432003196,'0','Prueba 2','<div class=\"w3-border w3-margin-4 w3-light-grey\">$data[\'errors\'] $data[\'errors\'] $data[\'errors\'] $data[\'errors\'] $data[\'errors\'] $data[\'errors\'] $data[\'errors\'] $data[\'errors\'] $data[\'errors\'] $data[\'errors\'] $data[\'errors\'] $data[\'errors\'] </div><div class=\"w3-light-blue w3-padding-small w3-border\">Fecha: <b>9/4/2016, 9:16:13 p.m.</b><br>Nombre: <b>Carlos Felipe Aguirre Taborda</b><br>Correo: <b>carlos.aguirre@lagobo.com.co</b><br><b>Comentario: </b><br><p>Hola</p></div><div class=\"w3-light-blue w3-padding-small w3-border\">Fecha: <b>9/4/2016, 9:16:31 p.m.</b><br>Nombre: <b>Carlos Felipe Aguirre Taborda</b><br>Correo: <b>carlos.aguirre@lagobo.com.co</b><br><b>Comentario: </b><br><p>Hola 2</p></div><div class=\'w3-light-blue w3-padding-small w3-border\'>Fecha: <b>9/4/2016, 9:18:25 p.m.</b><br/>Nombre: <b>Carlos Felipe Aguirre Taborda</b><br/>Correo: <b>carlos.aguirre@lagobo.com.co</b><br/><b>Comentario: </b><br/><p>Hola 3</p></div>','2016-04-09 21:15:01','<a href=\'http://hesk.dev/uploads/2.jpg\'>http://hesk.dev/uploads/2.jpg</a><br/>'),(6,300608237,'0','No Tengo internet','<div class=\"w3-border w3-margin-4 w3-light-grey\">desde el dia de ayer no puedo trabajar por que se me cayo el internet ayudemeeeeeeeeeeeeeeeeeeeeeeeeeeeeeeeeeeeeeeeeeeeeeeeee</div><div class=\'w3-cyan w3-padding-small w3-border\' style=\'width: 98%; margin:2px\'>Fecha: <b>9/6/2016 11:53:08</b><br/>Nombre: <b>Carlos Felipe Aguirre Taborda</b><br/>Correo: <b>carlos.aguirre@lagobo.com.co</b><br/><b>Comentario: </b><br/><p>Vamos a verficar el internet</p></div>','2016-06-09 18:48:06','');
/*!40000 ALTER TABLE `observacion` ENABLE KEYS */;
UNLOCK TABLES;

--
-- Table structure for table `sucursal`
--

DROP TABLE IF EXISTS `sucursal`;
/*!40101 SET @saved_cs_client     = @@character_set_client */;
/*!40101 SET character_set_client = utf8 */;
CREATE TABLE `sucursal` (
  `id_sucursal` int(11) NOT NULL,
  `codigo` varchar(15) COLLATE utf8mb4_unicode_ci NOT NULL,
  PRIMARY KEY (`id_sucursal`)
) ENGINE=InnoDB DEFAULT CHARSET=utf8mb4 COLLATE=utf8mb4_unicode_ci;
/*!40101 SET character_set_client = @saved_cs_client */;

--
-- Dumping data for table `sucursal`
--

LOCK TABLES `sucursal` WRITE;
/*!40000 ALTER TABLE `sucursal` DISABLE KEYS */;
INSERT INTO `sucursal` VALUES (100,'OFICINAS-PER'),(101,'BOD-SISTEMAS'),(102,'PRI'),(103,'COR'),(104,'CIE'),(105,'MLI'),(106,'PLA'),(107,'SAB'),(108,'SIN'),(109,'GRA'),(110,'PBE'),(111,'VIL'),(112,'TAU'),(113,'PGA'),(114,'PBO'),(115,'PLO'),(116,'SEV'),(117,'CHI'),(119,'CAL'),(120,'AGU'),(121,'BAR'),(123,'TUL'),(124,'PER'),(125,'PER'),(126,'PER'),(127,'PER'),(128,'VIR'),(130,'SRO'),(131,'DQS'),(132,'ARM'),(133,'ARM'),(135,'MAN'),(137,'DOR'),(138,'MAG'),(139,'VIL'),(140,'IBA'),(141,'SIN'),(142,'MON'),(143,'IBA'),(144,'ACA'),(148,'CER'),(149,'QUI'),(150,'CER'),(151,'CAR'),(152,'ARM'),(153,'SAH'),(154,'LOR'),(155,'YOP'),(156,'BOG'),(157,'AGU'),(158,'ESP'),(159,'MAR'),(160,'OFI. BOGOTA'),(195,'SIN');
/*!40000 ALTER TABLE `sucursal` ENABLE KEYS */;
UNLOCK TABLES;

--
-- Table structure for table `ticket`
--

DROP TABLE IF EXISTS `ticket`;
/*!40101 SET @saved_cs_client     = @@character_set_client */;
/*!40101 SET character_set_client = utf8 */;
CREATE TABLE `ticket` (
  `id_ticket` int(11) NOT NULL,
  `nombre` varchar(50) COLLATE utf8mb4_unicode_ci NOT NULL,
  `correo` varchar(50) COLLATE utf8mb4_unicode_ci NOT NULL,
  `estado` varchar(30) COLLATE utf8mb4_unicode_ci NOT NULL,
  `categoria` varchar(50) COLLATE utf8mb4_unicode_ci NOT NULL,
  `id_sucursal` int(11) NOT NULL,
  `email_responsable` varchar(50) COLLATE utf8mb4_unicode_ci DEFAULT NULL,
  PRIMARY KEY (`id_ticket`),
  KEY `ticket_sucursal` (`id_sucursal`),
  CONSTRAINT `ticket_ibfk_1` FOREIGN KEY (`id_sucursal`) REFERENCES `sucursal` (`id_sucursal`) ON DELETE CASCADE ON UPDATE CASCADE
) ENGINE=InnoDB DEFAULT CHARSET=utf8mb4 COLLATE=utf8mb4_unicode_ci;
/*!40101 SET character_set_client = @saved_cs_client */;

--
-- Dumping data for table `ticket`
--

LOCK TABLES `ticket` WRITE;
/*!40000 ALTER TABLE `ticket` DISABLE KEYS */;
INSERT INTO `ticket` VALUES (0,'','','','',100,''),(300608237,'Carlos Felipe Aguirre','carlos.aguirre@lagobo.com.co','En proceso','redes',100,'carlos.aguirre@lagobo.com.co'),(432003196,'Johana Bobadilla','andyfr@boxmail.co','Nuevo','oportudata',100,'carlos.aguirre@lagobo.com.co'),(1308459986,'Andres Olarte','carlos.aguirre@lagobo.com.co','nuevo','oportudata',100,'');
/*!40000 ALTER TABLE `ticket` ENABLE KEYS */;
UNLOCK TABLES;

--
-- Table structure for table `usuario`
--

DROP TABLE IF EXISTS `usuario`;
/*!40101 SET @saved_cs_client     = @@character_set_client */;
/*!40101 SET character_set_client = utf8 */;
CREATE TABLE `usuario` (
  `id_usuario` int(11) NOT NULL AUTO_INCREMENT,
  `nombre` varchar(50) COLLATE utf8_unicode_ci NOT NULL,
  `correo` varchar(45) COLLATE utf8_unicode_ci NOT NULL,
  `contrasena` varchar(200) COLLATE utf8_unicode_ci NOT NULL,
  `rol` varchar(5) COLLATE utf8_unicode_ci NOT NULL,
  `sucursales_encargadas` varchar(20) COLLATE utf8_unicode_ci DEFAULT NULL,
  `categoria` varchar(50) COLLATE utf8_unicode_ci NOT NULL,
  `activo` tinyint(1) NOT NULL,
  PRIMARY KEY (`id_usuario`)
) ENGINE=InnoDB AUTO_INCREMENT=6 DEFAULT CHARSET=utf8 COLLATE=utf8_unicode_ci;
/*!40101 SET character_set_client = @saved_cs_client */;

--
-- Dumping data for table `usuario`
--

LOCK TABLES `usuario` WRITE;
/*!40000 ALTER TABLE `usuario` DISABLE KEYS */;
INSERT INTO `usuario` VALUES (3,'Carlos Felipe Aguirre Taborda','carlos.aguirre@lagobo.com.co','32879f25bd72ea0ffb187d8f9bd1499b7a3ed1dd','adm',NULL,'hardware redes aurora otro ',1),(4,'Carlos Felipe Aguirre Taborda','carlos.aguirre@lagobo.com.co','32879f25bd72ea0ffb187d8f9bd1499b7a3ed1dd','adm',NULL,'hardware redes aurora otro ',0),(5,'Prueba de Contabilidad','prueba.contabilidad@lagobo.com.co','32879f25bd72ea0ffb187d8f9bd1499b7a3ed1dd','con','102 103','aurora ',1);
/*!40000 ALTER TABLE `usuario` ENABLE KEYS */;
UNLOCK TABLES;
/*!40103 SET TIME_ZONE=@OLD_TIME_ZONE */;

/*!40101 SET SQL_MODE=@OLD_SQL_MODE */;
/*!40014 SET FOREIGN_KEY_CHECKS=@OLD_FOREIGN_KEY_CHECKS */;
/*!40014 SET UNIQUE_CHECKS=@OLD_UNIQUE_CHECKS */;
/*!40101 SET CHARACTER_SET_CLIENT=@OLD_CHARACTER_SET_CLIENT */;
/*!40101 SET CHARACTER_SET_RESULTS=@OLD_CHARACTER_SET_RESULTS */;
/*!40101 SET COLLATION_CONNECTION=@OLD_COLLATION_CONNECTION */;
/*!40111 SET SQL_NOTES=@OLD_SQL_NOTES */;

-- Dump completed on 2016-06-13 17:35:36
